"PRJID","num_issues","num_HighImpact","num_ModImpact","num_LowImpact"
"PRJ0001",9,5,3,1
"PRJ0002",7,3,2,2
"PRJ0003",5,2,2,1
"PRJ0004",0,0,0,0
"PRJ0005",1,0,1,0
"PRJ0006",0,0,0,0
"PRJ0007",6,2,3,1
"PRJ0008",9,4,4,1
"PRJ0009",0,0,0,0
"PRJ0010",0,0,0,0
"PRJ0011",13,1,9,3
"PRJ0012",11,0,5,6
"PRJ0013",21,7,12,2
"PRJ0014",7,4,3,0
"PRJ0015",6,5,1,0
"PRJ0016",11,3,5,3
"PRJ0017",8,4,3,1
"PRJ0018",5,4,1,0
"PRJ0019",58,8,27,23
"PRJ0020",21,14,7,0
"PRJ0021",0,0,0,0
"PRJ0022",20,20,0,0
"PRJ0023",4,3,1,0
"PRJ0024",0,0,0,0
"PRJ0025",36,8,16,12
"PRJ0026",3,0,2,1
"PRJ0027",3,3,0,0
"PRJ0028",6,0,3,3
"PRJ0029",4,3,1,0
"PRJ0030",60,40,13,7
"PRJ0031",3,1,2,0
"PRJ0032",2,2,0,0
"PRJ0033",0,0,0,0
"PRJ0034",0,0,0,0
"PRJ0035",7,7,0,0
"PRJ0036",12,0,3,9
"PRJ0037",3,2,1,0
"PRJ0038",12,3,7,2
"PRJ0039",4,0,0,4
"PRJ0040",1,0,1,0
"PRJ0041",0,0,0,0
"PRJ0042",0,0,0,0
"PRJ0043",2,1,1,0
"PRJ0044",0,0,0,0
"PRJ0045",44,8,11,25
"PRJ0046",12,10,0,2
"PRJ0047",6,2,0,4
"PRJ0048",0,0,0,0
"PRJ0049",5,0,5,0
"PRJ0050",16,11,2,3
"PRJ0051",0,0,0,0
"PRJ0052",0,0,0,0
"PRJ0053",10,0,0,10
"PRJ0054",12,2,8,2
"PRJ0055",0,0,0,0
"PRJ0056",12,3,5,4
"PRJ0057",7,4,1,2
"PRJ0058",4,0,0,4
"PRJ0059",0,0,0,0
"PRJ0060",0,0,0,0
"PRJ0061",1,0,0,1
"PRJ0062",0,0,0,0
"PRJ0063",1,0,1,0
"PRJ0064",1,0,0,1
"PRJ0065",0,0,0,0
"PRJ0066",1,0,0,1
"PRJ0067",2,0,0,2
"PRJ0068",0,0,0,0
"PRJ0069",6,4,2,0
"PRJ0070",0,0,0,0
"PRJ0071",7,5,1,1
"PRJ0072",1,0,1,0
"PRJ0073",1,0,1,0
"PRJ0074",0,0,0,0
"PRJ0075",0,0,0,0
"PRJ0076",0,0,0,0
"PRJ0077",0,0,0,0
"PRJ0078",5,5,0,0
"PRJ0079",0,0,0,0
"PRJ0080",2,1,0,1
"PRJ0081",15,4,4,7
"PRJ0082",3,2,1,0
"PRJ0083",2,1,0,1
"PRJ0084",2,1,0,1
"PRJ0085",0,0,0,0
"PRJ0086",3,1,0,2
"PRJ0087",1,0,0,1
"PRJ0088",8,5,2,1
"PRJ0089",0,0,0,0
"PRJ0090",0,0,0,0
"PRJ0091",1,1,0,0
"PRJ0092",2,0,1,1
"PRJ0093",2,0,1,1
"PRJ0094",0,0,0,0
"PRJ0095",0,0,0,0
"PRJ0096",0,0,0,0
"PRJ0097",38,1,13,24
"PRJ0098",0,0,0,0
"PRJ0099",1,1,0,0
"PRJ0100",0,0,0,0
"PRJ0101",0,0,0,0
"PRJ0102",5,2,3,0
"PRJ0103",10,4,4,2
"PRJ0104",0,0,0,0
"PRJ0105",5,0,0,5
"PRJ0106",0,0,0,0
"PRJ0107",6,0,3,3
"PRJ0108",2,1,0,1
"PRJ0109",0,0,0,0
"PRJ0110",11,0,1,10
"PRJ0111",1,0,1,0
"PRJ0112",1,1,0,0
"PRJ0113",4,0,3,1
"PRJ0114",2,0,1,1
"PRJ0115",0,0,0,0
"PRJ0116",13,8,4,1
"PRJ0117",1,0,1,0
"PRJ0118",3,0,2,1
"PRJ0119",13,0,8,5
"PRJ0120",0,0,0,0
"PRJ0121",37,17,13,7
"PRJ0122",0,0,0,0
"PRJ0123",1,0,0,1
"PRJ0124",10,9,0,1
"PRJ0125",3,1,1,1
"PRJ0126",0,0,0,0
"PRJ0127",0,0,0,0
"PRJ0128",0,0,0,0
"PRJ0129",1,0,0,1
"PRJ0130",0,0,0,0
"PRJ0131",13,9,2,2
"PRJ0132",1,1,0,0
"PRJ0133",17,2,5,10
"PRJ0134",0,0,0,0
"PRJ0135",2,1,1,0
"PRJ0136",0,0,0,0
"PRJ0137",1,0,0,1
"PRJ0138",10,2,6,2
"PRJ0139",2,1,0,1
"PRJ0140",0,0,0,0
"PRJ0141",0,0,0,0
"PRJ0142",10,2,5,3
"PRJ0143",0,0,0,0
"PRJ0144",0,0,0,0
"PRJ0145",15,9,6,0
"PRJ0146",0,0,0,0
"PRJ0147",1,0,0,1
"PRJ0148",1,1,0,0
"PRJ0149",2,0,1,1
"PRJ0150",1,0,1,0
"PRJ0151",0,0,0,0
"PRJ0152",1,0,1,0
"PRJ0153",0,0,0,0
"PRJ0154",2,0,1,1
"PRJ0155",9,9,0,0
"PRJ0156",2,0,1,1
"PRJ0157",0,0,0,0
"PRJ0158",0,0,0,0
"PRJ0159",1,0,1,0
"PRJ0160",0,0,0,0
"PRJ0161",0,0,0,0
"PRJ0162",0,0,0,0
"PRJ0163",0,0,0,0
"PRJ0164",10,3,2,5
"PRJ0165",0,0,0,0
"PRJ0166",12,9,3,0
"PRJ0167",2,2,0,0
"PRJ0168",12,4,5,3
"PRJ0169",0,0,0,0
"PRJ0170",0,0,0,0
"PRJ0171",6,4,0,2
"PRJ0172",11,7,4,0
"PRJ0173",0,0,0,0
"PRJ0174",1,0,0,1
"PRJ0175",0,0,0,0
"PRJ0176",0,0,0,0
"PRJ0177",1,0,1,0
"PRJ0178",18,11,6,1
"PRJ0179",0,0,0,0
"PRJ0180",0,0,0,0
"PRJ0181",6,5,0,1
"PRJ0182",0,0,0,0
"PRJ0183",1,0,0,1
"PRJ0184",0,0,0,0
"PRJ0185",4,4,0,0
"PRJ0186",5,4,1,0
"PRJ0187",18,3,5,10
"PRJ0188",0,0,0,0
"PRJ0189",0,0,0,0
"PRJ0190",0,0,0,0
"PRJ0191",1,1,0,0
"PRJ0192",1,0,0,1
"PRJ0193",6,4,1,1
"PRJ0194",3,0,0,3
"PRJ0195",0,0,0,0
"PRJ0196",137,70,53,14
"PRJ0197",0,0,0,0
"PRJ0198",3,1,1,1
"PRJ0199",4,0,3,1
"PRJ0200",0,0,0,0
"PRJ0201",0,0,0,0
"PRJ0202",3,2,1,0
"PRJ0203",2,0,0,2
"PRJ0204",0,0,0,0
"PRJ0205",0,0,0,0
"PRJ0206",1,0,1,0
"PRJ0207",4,0,0,4
"PRJ0208",8,0,5,3
"PRJ0209",0,0,0,0
"PRJ0210",5,0,4,1
"PRJ0211",1,0,1,0
"PRJ0212",0,0,0,0
"PRJ0213",0,0,0,0
"PRJ0214",0,0,0,0
"PRJ0215",3,1,1,1
"PRJ0216",0,0,0,0
"PRJ0217",1,0,0,1
"PRJ0218",0,0,0,0
"PRJ0219",0,0,0,0
"PRJ0220",3,1,0,2
"PRJ0221",0,0,0,0
"PRJ0222",4,2,0,2
"PRJ0223",0,0,0,0
"PRJ0224",7,0,5,2
"PRJ0225",8,3,3,2
"PRJ0226",0,0,0,0
"PRJ0227",0,0,0,0
"PRJ0228",3,0,3,0
"PRJ0229",0,0,0,0
"PRJ0230",0,0,0,0
"PRJ0231",5,0,0,5
"PRJ0232",0,0,0,0
"PRJ0233",0,0,0,0
"PRJ0234",19,11,8,0
"PRJ0235",0,0,0,0
"PRJ0236",0,0,0,0
"PRJ0237",1,0,1,0
"PRJ0238",4,2,2,0
"PRJ0239",1,0,0,1
"PRJ0240",12,5,4,3
"PRJ0241",19,2,3,14
"PRJ0242",1,1,0,0
"PRJ0243",0,0,0,0
"PRJ0244",2,1,0,1
"PRJ0245",0,0,0,0
"PRJ0246",21,11,8,2
"PRJ0247",13,9,1,3
"PRJ0248",5,2,2,1
"PRJ0249",4,2,2,0
"PRJ0250",0,0,0,0
"PRJ0251",0,0,0,0
"PRJ0252",0,0,0,0
"PRJ0253",1,1,0,0
"PRJ0254",13,1,5,7
"PRJ0255",0,0,0,0
"PRJ0256",4,1,2,1
"PRJ0257",1,0,1,0
"PRJ0258",25,6,8,11
"PRJ0259",3,0,0,3
"PRJ0260",0,0,0,0
"PRJ0261",5,0,3,2
"PRJ0262",7,0,2,5
"PRJ0263",1,1,0,0
"PRJ0264",2,1,0,1
"PRJ0265",0,0,0,0
"PRJ0266",4,0,0,4
"PRJ0267",7,0,2,5
"PRJ0268",0,0,0,0
"PRJ0269",0,0,0,0
"PRJ0270",0,0,0,0
"PRJ0271",21,6,6,9
"PRJ0272",2,0,1,1
"PRJ0273",3,0,2,1
"PRJ0274",0,0,0,0
"PRJ0275",10,4,5,1
"PRJ0276",0,0,0,0
"PRJ0277",0,0,0,0
"PRJ0278",2,1,0,1
"PRJ0279",1,0,0,1
"PRJ0280",3,0,3,0
"PRJ0281",0,0,0,0
"PRJ0282",10,6,4,0
"PRJ0283",1,0,1,0
"PRJ0284",1,1,0,0
"PRJ0285",0,0,0,0
"PRJ0286",1,1,0,0
"PRJ0287",3,1,2,0
"PRJ0288",1,0,1,0
"PRJ0289",9,8,0,1
"PRJ0290",1,1,0,0
"PRJ0291",0,0,0,0
"PRJ0292",0,0,0,0
"PRJ0293",1,0,1,0
"PRJ0294",0,0,0,0
"PRJ0295",2,0,1,1
"PRJ0296",10,0,1,9
"PRJ0297",2,0,0,2
"PRJ0298",0,0,0,0
"PRJ0299",57,22,13,22
"PRJ0300",2,1,0,1
"PRJ0301",0,0,0,0
"PRJ0302",1,1,0,0
"PRJ0303",3,2,1,0
"PRJ0304",4,2,0,2
"PRJ0305",8,0,5,3
"PRJ0306",38,6,5,27
"PRJ0307",26,16,4,6
"PRJ0308",18,8,6,4
"PRJ0309",8,1,4,3
"PRJ0310",13,2,1,10
"PRJ0311",0,0,0,0
"PRJ0312",3,0,0,3
"PRJ0313",0,0,0,0
"PRJ0314",0,0,0,0
"PRJ0315",4,0,2,2
"PRJ0316",3,1,0,2
"PRJ0317",2,0,0,2
"PRJ0318",1,0,0,1
"PRJ0319",0,0,0,0
"PRJ0320",5,3,1,1
"PRJ0321",1,0,0,1
"PRJ0322",12,5,7,0
"PRJ0323",11,0,7,4
"PRJ0324",10,4,3,3
"PRJ0325",1,1,0,0
"PRJ0326",3,1,1,1
"PRJ0327",3,0,1,2
"PRJ0328",1,1,0,0
"PRJ0329",0,0,0,0
"PRJ0330",2,1,0,1
"PRJ0331",3,0,3,0
"PRJ0332",0,0,0,0
"PRJ0333",15,10,2,3
"PRJ0334",0,0,0,0
"PRJ0335",0,0,0,0
"PRJ0336",0,0,0,0
"PRJ0337",3,0,2,1
"PRJ0338",2,2,0,0
"PRJ0339",9,5,4,0
"PRJ0340",3,0,1,2
"PRJ0341",2,2,0,0
"PRJ0342",0,0,0,0
"PRJ0343",1,1,0,0
"PRJ0344",0,0,0,0
"PRJ0345",0,0,0,0
"PRJ0346",3,0,1,2
"PRJ0347",0,0,0,0
"PRJ0348",0,0,0,0
"PRJ0349",0,0,0,0
"PRJ0350",3,0,0,3
"PRJ0351",4,0,1,3
"PRJ0352",0,0,0,0
"PRJ0353",1,0,1,0
"PRJ0354",2,0,0,2
"PRJ0355",0,0,0,0
"PRJ0356",0,0,0,0
"PRJ0357",6,2,2,2
"PRJ0358",5,0,2,3
"PRJ0359",3,0,0,3
"PRJ0360",0,0,0,0
"PRJ0361",2,0,2,0
"PRJ0362",6,1,1,4
"PRJ0363",4,2,2,0
"PRJ0364",0,0,0,0
"PRJ0365",37,1,27,9
"PRJ0366",0,0,0,0
"PRJ0367",0,0,0,0
"PRJ0368",5,4,0,1
"PRJ0369",0,0,0,0
"PRJ0370",39,15,15,9
"PRJ0371",1,0,0,1
"PRJ0372",2,0,2,0
"PRJ0373",17,4,12,1
"PRJ0374",13,1,8,4
"PRJ0375",5,1,1,3
"PRJ0376",0,0,0,0
"PRJ0377",6,2,4,0
"PRJ0378",4,1,2,1
"PRJ0379",2,2,0,0
"PRJ0380",19,6,12,1
"PRJ0381",1,0,0,1
"PRJ0382",15,3,8,4
"PRJ0383",1,1,0,0
"PRJ0384",0,0,0,0
"PRJ0385",0,0,0,0
"PRJ0386",1,0,0,1
"PRJ0387",2,1,0,1
"PRJ0388",1,1,0,0
"PRJ0389",25,10,5,10
"PRJ0390",0,0,0,0
"PRJ0391",195,87,65,43
"PRJ0392",4,1,2,1
"PRJ0393",0,0,0,0
"PRJ0394",16,10,3,3
"PRJ0395",37,24,8,5
"PRJ0396",1,0,1,0
"PRJ0397",4,3,1,0
"PRJ0398",0,0,0,0
"PRJ0399",1,1,0,0
"PRJ0400",0,0,0,0
"PRJ0401",0,0,0,0
"PRJ0402",3,2,0,1
"PRJ0403",0,0,0,0
"PRJ0404",1,0,0,1
"PRJ0405",0,0,0,0
"PRJ0406",0,0,0,0
"PRJ0407",9,6,0,3
"PRJ0408",0,0,0,0
"PRJ0409",8,0,4,4
"PRJ0410",4,0,3,1
"PRJ0411",0,0,0,0
"PRJ0412",0,0,0,0
"PRJ0413",40,13,14,13
"PRJ0414",90,31,53,6
"PRJ0415",14,4,6,4
"PRJ0416",4,2,2,0
"PRJ0417",8,5,1,2
"PRJ0418",2,0,2,0
"PRJ0419",21,0,0,21
"PRJ0420",0,0,0,0
"PRJ0421",20,12,7,1
"PRJ0422",0,0,0,0
"PRJ0423",2,0,1,1
"PRJ0424",2,0,2,0
"PRJ0425",2,0,1,1
"PRJ0426",61,44,15,2
"PRJ0427",4,0,2,2
"PRJ0428",12,2,7,3
"PRJ0429",6,4,2,0
"PRJ0430",5,4,1,0
"PRJ0431",0,0,0,0
"PRJ0432",103,36,46,21
"PRJ0433",7,1,3,3
"PRJ0434",13,7,3,3
"PRJ0435",8,3,2,3
"PRJ0436",10,4,5,1
"PRJ0437",0,0,0,0
"PRJ0438",0,0,0,0
"PRJ0439",0,0,0,0
"PRJ0440",6,3,3,0
"PRJ0441",0,0,0,0
"PRJ0442",0,0,0,0
"PRJ0443",3,1,1,1
"PRJ0444",1,1,0,0
"PRJ0445",0,0,0,0
"PRJ0446",0,0,0,0
"PRJ0447",0,0,0,0
"PRJ0448",0,0,0,0
"PRJ0449",21,14,2,5
"PRJ0450",0,0,0,0
"PRJ0451",20,13,3,4
"PRJ0452",0,0,0,0
"PRJ0453",60,19,24,17
"PRJ0454",5,0,0,5
"PRJ0455",2,1,1,0
"PRJ0456",0,0,0,0
"PRJ0457",3,0,3,0
"PRJ0458",0,0,0,0
"PRJ0459",2,1,1,0
"PRJ0460",0,0,0,0
"PRJ0461",6,5,0,1
"PRJ0462",7,4,2,1
"PRJ0463",39,10,16,13
"PRJ0464",2,0,1,1
"PRJ0465",0,0,0,0
"PRJ0466",12,4,5,3
"PRJ0467",2,1,0,1
"PRJ0468",3,2,0,1
"PRJ0469",3,2,0,1
"PRJ0470",0,0,0,0
"PRJ0471",0,0,0,0
"PRJ0472",2,1,1,0
"PRJ0473",0,0,0,0
"PRJ0474",0,0,0,0
"PRJ0475",2,2,0,0
"PRJ0476",1,1,0,0
"PRJ0477",5,3,1,1
"PRJ0478",13,2,8,3
"PRJ0479",3,0,3,0
"PRJ0480",11,3,7,1
"PRJ0481",1,0,0,1
"PRJ0482",7,1,3,3
"PRJ0483",2,0,1,1
"PRJ0484",4,2,2,0
"PRJ0485",0,0,0,0
"PRJ0486",1,1,0,0
"PRJ0487",0,0,0,0
"PRJ0488",0,0,0,0
"PRJ0489",10,9,0,1
"PRJ0490",0,0,0,0
"PRJ0491",3,0,2,1
"PRJ0492",0,0,0,0
"PRJ0493",0,0,0,0
"PRJ0494",0,0,0,0
"PRJ0495",0,0,0,0
"PRJ0496",1,0,0,1
"PRJ0497",1,0,0,1
"PRJ0498",29,21,7,1
"PRJ0499",2,0,2,0
"PRJ0500",16,12,3,1
"PRJ0501",3,2,0,1
"PRJ0502",22,5,8,9
"PRJ0503",0,0,0,0
"PRJ0504",20,15,3,2
"PRJ0505",6,5,1,0
"PRJ0506",1,0,0,1
"PRJ0507",12,2,8,2
"PRJ0508",23,12,6,5
"PRJ0509",9,2,3,4
"PRJ0510",2,1,0,1
"PRJ0511",2,0,2,0
"PRJ0512",24,7,15,2
"PRJ0513",8,5,2,1
"PRJ0514",2,1,0,1
"PRJ0515",4,1,3,0
"PRJ0516",5,0,4,1
"PRJ0517",0,0,0,0
"PRJ0518",0,0,0,0
"PRJ0519",2,2,0,0
"PRJ0520",0,0,0,0
"PRJ0521",1,1,0,0
"PRJ0522",0,0,0,0
"PRJ0523",3,1,2,0
"PRJ0524",0,0,0,0
"PRJ0525",0,0,0,0
"PRJ0526",0,0,0,0
"PRJ0527",29,5,18,6
"PRJ0528",11,7,3,1
"PRJ0529",13,4,1,8
"PRJ0530",3,0,3,0
"PRJ0531",15,3,12,0
"PRJ0532",1,0,0,1
"PRJ0533",5,2,2,1
"PRJ0534",6,1,5,0
"PRJ0535",1,0,0,1
"PRJ0536",5,2,2,1
"PRJ0537",3,2,0,1
"PRJ0538",20,11,4,5
"PRJ0539",17,5,3,9
"PRJ0540",0,0,0,0
"PRJ0541",0,0,0,0
"PRJ0542",3,0,2,1
"PRJ0543",0,0,0,0
"PRJ0544",16,9,3,4
"PRJ0545",0,0,0,0
"PRJ0546",10,1,1,8
"PRJ0547",64,39,21,4
"PRJ0548",0,0,0,0
"PRJ0549",6,6,0,0
"PRJ0550",0,0,0,0
"PRJ0551",0,0,0,0
"PRJ0552",0,0,0,0
"PRJ0553",1,0,0,1
"PRJ0554",1,1,0,0
"PRJ0555",0,0,0,0
"PRJ0556",30,19,5,6
"PRJ0557",72,24,21,27
"PRJ0558",32,6,25,1
"PRJ0559",3,2,0,1
"PRJ0560",16,9,7,0
"PRJ0561",7,6,1,0
"PRJ0562",0,0,0,0
"PRJ0563",6,6,0,0
"PRJ0564",1,0,1,0
"PRJ0565",5,0,4,1
"PRJ0566",2,0,0,2
"PRJ0567",8,3,0,5
"PRJ0568",8,4,0,4
"PRJ0569",5,1,0,4
"PRJ0570",0,0,0,0
"PRJ0571",2,1,1,0
"PRJ0572",36,28,6,2
"PRJ0573",3,2,1,0
"PRJ0574",2,2,0,0
"PRJ0575",3,0,3,0
"PRJ0576",1,0,0,1
"PRJ0577",0,0,0,0
"PRJ0578",19,0,2,17
"PRJ0579",18,5,8,5
"PRJ0580",6,2,4,0
"PRJ0581",0,0,0,0
"PRJ0582",2,0,0,2
"PRJ0583",5,1,2,2
"PRJ0584",0,0,0,0
"PRJ0585",10,7,1,2
"PRJ0586",9,3,4,2
"PRJ0587",0,0,0,0
"PRJ0588",5,0,2,3
"PRJ0589",3,0,0,3
"PRJ0590",1,0,0,1
"PRJ0591",8,4,1,3
"PRJ0592",2,1,0,1
"PRJ0593",0,0,0,0
"PRJ0594",4,2,0,2
"PRJ0595",0,0,0,0
"PRJ0596",3,1,0,2
"PRJ0597",0,0,0,0
"PRJ0598",0,0,0,0
"PRJ0599",0,0,0,0
"PRJ0600",15,5,9,1
"PRJ0601",0,0,0,0
"PRJ0602",10,3,3,4
"PRJ0603",16,0,4,12
"PRJ0604",1,0,1,0
"PRJ0605",0,0,0,0
"PRJ0606",0,0,0,0
"PRJ0607",1,1,0,0
"PRJ0608",3,1,1,1
"PRJ0609",18,3,6,9
"PRJ0610",2,1,0,1
"PRJ0611",2,0,0,2
"PRJ0612",5,2,2,1
"PRJ0613",6,4,0,2
"PRJ0614",3,1,0,2
"PRJ0615",1,1,0,0
"PRJ0616",2,1,0,1
"PRJ0617",4,1,1,2
"PRJ0618",3,0,0,3
"PRJ0619",5,0,0,5
"PRJ0620",0,0,0,0
"PRJ0621",0,0,0,0
"PRJ0622",7,2,1,4
"PRJ0623",4,2,1,1
"PRJ0624",0,0,0,0
"PRJ0625",4,2,1,1
"PRJ0626",2,1,0,1
"PRJ0627",1,0,1,0
"PRJ0628",8,0,5,3
"PRJ0629",1,0,0,1
"PRJ0630",3,2,1,0
"PRJ0631",14,3,9,2
"PRJ0632",0,0,0,0
"PRJ0633",7,4,1,2
"PRJ0634",32,11,14,7
"PRJ0635",0,0,0,0
"PRJ0636",4,0,0,4
"PRJ0637",2,0,0,2
"PRJ0638",0,0,0,0
"PRJ0639",0,0,0,0
"PRJ0640",1,0,1,0
"PRJ0641",19,6,10,3
"PRJ0642",8,6,1,1
"PRJ0643",1,0,0,1
"PRJ0644",5,3,1,1
"PRJ0645",0,0,0,0
"PRJ0646",0,0,0,0
"PRJ0647",15,1,6,8
"PRJ0648",3,2,1,0
"PRJ0649",10,3,2,5
"PRJ0650",1,0,0,1
"PRJ0651",4,0,2,2
"PRJ0652",8,0,5,3
"PRJ0653",2,0,0,2
"PRJ0654",1,0,0,1
"PRJ0655",13,5,3,5
"PRJ0656",5,0,4,1
"PRJ0657",5,4,0,1
"PRJ0658",5,0,3,2
"PRJ0659",7,0,3,4
"PRJ0660",2,0,0,2
"PRJ0661",3,1,2,0
"PRJ0662",1,0,1,0
"PRJ0663",0,0,0,0
"PRJ0664",0,0,0,0
"PRJ0665",0,0,0,0
"PRJ0666",1,0,0,1
"PRJ0667",10,2,6,2
"PRJ0668",0,0,0,0
"PRJ0669",1,0,0,1
"PRJ0670",2,2,0,0
"PRJ0671",1,0,1,0
"PRJ0672",3,0,3,0
"PRJ0673",0,0,0,0
"PRJ0674",29,12,13,4
"PRJ0675",1,0,1,0
"PRJ0676",1,1,0,0
"PRJ0677",1,0,0,1
"PRJ0678",2,0,1,1
"PRJ0679",4,4,0,0
"PRJ0680",0,0,0,0
"PRJ0681",36,12,20,4
"PRJ0682",12,3,6,3
"PRJ0683",0,0,0,0
"PRJ0684",0,0,0,0
"PRJ0685",2,2,0,0
"PRJ0686",0,0,0,0
"PRJ0687",3,3,0,0
"PRJ0688",15,5,8,2
"PRJ0689",1,0,0,1
"PRJ0690",0,0,0,0
"PRJ0691",4,0,3,1
"PRJ0692",0,0,0,0
"PRJ0693",3,1,1,1
"PRJ0694",4,0,4,0
"PRJ0695",0,0,0,0
"PRJ0696",6,1,1,4
"PRJ0697",6,5,1,0
"PRJ0698",9,2,3,4
"PRJ0699",2,2,0,0
"PRJ0700",1,0,1,0
"PRJ0701",0,0,0,0
"PRJ0702",9,1,7,1
"PRJ0703",3,0,3,0
"PRJ0704",12,6,6,0
"PRJ0705",0,0,0,0
"PRJ0706",0,0,0,0
"PRJ0707",31,5,13,13
"PRJ0708",0,0,0,0
"PRJ0709",17,1,8,8
"PRJ0710",0,0,0,0
"PRJ0711",4,1,3,0
"PRJ0712",3,3,0,0
"PRJ0713",0,0,0,0
"PRJ0714",5,3,1,1
"PRJ0715",0,0,0,0
"PRJ0716",12,3,4,5
"PRJ0717",0,0,0,0
"PRJ0718",0,0,0,0
"PRJ0719",47,11,36,0
"PRJ0720",5,0,5,0
"PRJ0721",14,3,5,6
"PRJ0722",6,1,3,2
"PRJ0723",5,2,3,0
"PRJ0724",9,4,3,2
"PRJ0725",26,7,15,4
"PRJ0726",5,2,3,0
"PRJ0727",15,5,8,2
"PRJ0728",2,2,0,0
"PRJ0729",23,15,6,2
"PRJ0730",2,1,1,0
"PRJ0731",4,3,0,1
"PRJ0732",3,0,3,0
"PRJ0733",4,0,3,1
"PRJ0734",2,0,2,0
"PRJ0735",0,0,0,0
"PRJ0736",15,6,9,0
"PRJ0737",11,3,2,6
"PRJ0738",12,1,4,7
"PRJ0739",6,2,4,0
"PRJ0740",8,1,7,0
"PRJ0741",0,0,0,0
"PRJ0742",3,0,1,2
"PRJ0743",2,0,0,2
"PRJ0744",0,0,0,0
"PRJ0745",6,3,2,1
"PRJ0746",6,0,5,1
"PRJ0747",2,0,2,0
"PRJ0748",1,0,0,1
"PRJ0749",1,0,0,1
"PRJ0750",0,0,0,0
"PRJ0751",13,3,3,7
"PRJ0752",0,0,0,0
"PRJ0753",4,0,0,4
"PRJ0754",3,1,1,1
"PRJ0755",17,2,8,7
"PRJ0756",5,3,2,0
"PRJ0757",0,0,0,0
"PRJ0758",10,7,3,0
"PRJ0759",0,0,0,0
"PRJ0760",1,1,0,0
"PRJ0761",5,2,2,1
"PRJ0762",0,0,0,0
"PRJ0763",2,0,0,2
"PRJ0764",0,0,0,0
"PRJ0765",0,0,0,0
"PRJ0766",0,0,0,0
"PRJ0767",0,0,0,0
"PRJ0768",1,0,0,1
"PRJ0769",1,0,1,0
"PRJ0770",1,0,0,1
"PRJ0771",0,0,0,0
"PRJ0772",0,0,0,0
"PRJ0773",7,0,7,0
"PRJ0774",1,0,1,0
"PRJ0775",1,0,1,0
"PRJ0776",3,2,1,0
"PRJ0777",0,0,0,0
"PRJ0778",3,3,0,0
"PRJ0779",1,0,1,0
"PRJ0780",4,1,3,0
"PRJ0781",2,1,1,0
"PRJ0782",11,8,3,0
"PRJ0783",2,1,1,0
"PRJ0784",2,2,0,0
"PRJ0785",8,4,4,0
"PRJ0786",0,0,0,0
"PRJ0787",0,0,0,0
"PRJ0788",1,0,1,0
"PRJ0789",0,0,0,0
"PRJ0790",5,4,1,0
"PRJ0791",0,0,0,0
"PRJ0792",19,3,3,13
"PRJ0793",2,0,2,0
"PRJ0794",1,0,1,0
"PRJ0795",3,3,0,0
"PRJ0796",11,0,9,2
"PRJ0797",0,0,0,0
"PRJ0798",0,0,0,0
"PRJ0799",0,0,0,0
"PRJ0800",0,0,0,0
"PRJ0801",0,0,0,0
"PRJ0802",0,0,0,0
"PRJ0803",0,0,0,0
"PRJ0804",8,2,3,3
"PRJ0805",5,3,2,0
"PRJ0806",1,0,1,0
"PRJ0807",9,4,2,3
"PRJ0808",12,9,2,1
"PRJ0809",2,1,1,0
"PRJ0810",0,0,0,0
"PRJ0811",1,0,0,1
"PRJ0812",0,0,0,0
"PRJ0813",0,0,0,0
"PRJ0814",8,3,1,4
"PRJ0815",0,0,0,0
"PRJ0816",12,9,3,0
"PRJ0817",1,0,1,0
"PRJ0818",0,0,0,0
"PRJ0819",73,11,34,28
"PRJ0820",0,0,0,0
"PRJ0821",2,1,1,0
"PRJ0822",0,0,0,0
"PRJ0823",4,2,2,0
"PRJ0824",5,1,4,0
"PRJ0825",3,0,3,0
"PRJ0826",0,0,0,0
"PRJ0827",0,0,0,0
"PRJ0828",4,1,0,3
"PRJ0829",1,0,0,1
"PRJ0830",0,0,0,0
"PRJ0831",14,6,5,3
"PRJ0832",6,4,1,1
"PRJ0833",7,3,2,2
"PRJ0834",15,8,5,2
"PRJ0835",0,0,0,0
"PRJ0836",0,0,0,0
"PRJ0837",6,0,2,4
"PRJ0838",0,0,0,0
"PRJ0839",0,0,0,0
"PRJ0840",0,0,0,0
"PRJ0841",0,0,0,0
"PRJ0842",2,1,1,0
"PRJ0843",3,3,0,0
"PRJ0844",6,0,2,4
"PRJ0845",0,0,0,0
"PRJ0846",0,0,0,0
"PRJ0847",2,2,0,0
"PRJ0848",1,0,1,0
"PRJ0849",12,5,6,1
"PRJ0850",0,0,0,0
"PRJ0851",1,0,0,1
"PRJ0852",0,0,0,0
"PRJ0853",28,14,10,4
"PRJ0854",0,0,0,0
"PRJ0855",95,31,48,16
"PRJ0856",14,11,2,1
"PRJ0857",0,0,0,0
"PRJ0858",6,4,2,0
"PRJ0859",33,26,5,2
"PRJ0860",4,0,3,1
"PRJ0861",13,2,8,3
"PRJ0862",16,7,6,3
"PRJ0863",7,4,2,1
"PRJ0864",14,10,3,1
"PRJ0865",5,1,3,1
"PRJ0866",71,40,17,14
"PRJ0867",21,10,2,9
"PRJ0868",0,0,0,0
"PRJ0869",0,0,0,0
"PRJ0870",1,0,0,1
"PRJ0871",1,1,0,0
"PRJ0872",1,0,1,0
"PRJ0873",3,1,1,1
"PRJ0874",3,1,2,0
"PRJ0875",0,0,0,0
"PRJ0876",0,0,0,0
"PRJ0877",0,0,0,0
"PRJ0878",9,8,0,1
"PRJ0879",0,0,0,0
"PRJ0880",9,2,6,1
"PRJ0881",3,3,0,0
"PRJ0882",1,0,0,1
"PRJ0883",49,15,14,20
"PRJ0884",3,2,1,0
"PRJ0885",12,3,5,4
"PRJ0886",1,0,0,1
"PRJ0887",3,2,1,0
"PRJ0888",3,1,2,0
"PRJ0889",7,4,3,0
"PRJ0890",6,1,4,1
"PRJ0891",24,18,6,0
"PRJ0892",2,1,0,1
"PRJ0893",0,0,0,0
"PRJ0894",0,0,0,0
"PRJ0895",3,2,1,0
"PRJ0896",3,0,1,2
"PRJ0897",0,0,0,0
"PRJ0898",2,0,2,0
"PRJ0899",1,0,1,0
"PRJ0900",1,0,1,0
"PRJ0901",1,1,0,0
"PRJ0902",5,0,3,2
"PRJ0903",31,13,17,1
"PRJ0904",1,1,0,0
"PRJ0905",0,0,0,0
"PRJ0906",3,2,0,1
"PRJ0907",2,2,0,0
"PRJ0908",0,0,0,0
"PRJ0909",0,0,0,0
"PRJ0910",3,3,0,0
"PRJ0911",1,1,0,0
"PRJ0912",8,6,1,1
"PRJ0913",1,0,1,0
"PRJ0914",21,15,6,0
"PRJ0915",3,1,2,0
"PRJ0916",3,2,0,1
"PRJ0917",33,8,15,10
"PRJ0918",4,1,3,0
"PRJ0919",20,11,1,8
"PRJ0920",4,3,1,0
"PRJ0921",0,0,0,0
"PRJ0922",0,0,0,0
"PRJ0923",0,0,0,0
"PRJ0924",0,0,0,0
"PRJ0925",10,2,7,1
"PRJ0926",0,0,0,0
"PRJ0927",4,0,4,0
"PRJ0928",0,0,0,0
"PRJ0929",0,0,0,0
"PRJ0930",9,7,1,1
"PRJ0931",0,0,0,0
"PRJ0932",2,0,1,1
"PRJ0933",5,4,1,0
"PRJ0934",0,0,0,0
"PRJ0935",6,1,4,1
"PRJ0936",10,4,3,3
"PRJ0937",12,5,3,4
"PRJ0938",2,1,1,0
"PRJ0939",5,1,2,2
"PRJ0940",4,1,2,1
"PRJ0941",3,2,1,0
"PRJ0942",109,90,18,1
"PRJ0943",13,4,0,9
"PRJ0944",0,0,0,0
"PRJ0945",0,0,0,0
"PRJ0946",1,1,0,0
"PRJ0947",2,0,1,1
"PRJ0948",2,0,0,2
"PRJ0949",1,1,0,0
"PRJ0950",0,0,0,0
"PRJ0951",8,1,6,1
"PRJ0952",2,1,0,1
"PRJ0953",8,4,4,0
"PRJ0954",1,0,0,1
"PRJ0955",0,0,0,0
"PRJ0956",0,0,0,0
"PRJ0957",0,0,0,0
"PRJ0958",2,0,2,0
"PRJ0959",0,0,0,0
"PRJ0960",17,9,5,3
"PRJ0961",7,4,0,3
"PRJ0962",1,1,0,0
"PRJ0963",2,1,1,0
"PRJ0964",5,0,4,1
"PRJ0965",0,0,0,0
"PRJ0966",2,0,1,1
"PRJ0967",1,1,0,0
"PRJ0968",5,2,1,2
"PRJ0969",25,15,9,1
"PRJ0970",0,0,0,0
"PRJ0971",0,0,0,0
"PRJ0972",3,1,0,2
"PRJ0973",0,0,0,0
"PRJ0974",0,0,0,0
"PRJ0975",2,0,0,2
"PRJ0976",2,0,2,0
"PRJ0977",10,7,3,0
"PRJ0978",1,0,0,1
"PRJ0979",4,0,2,2
"PRJ0980",0,0,0,0
"PRJ0981",0,0,0,0
"PRJ0982",7,5,1,1
"PRJ0983",0,0,0,0
"PRJ0984",0,0,0,0
"PRJ0985",2,0,0,2
"PRJ0986",2,1,1,0
"PRJ0987",0,0,0,0
"PRJ0988",5,1,2,2
"PRJ0989",0,0,0,0
"PRJ0990",22,11,11,0
"PRJ0991",2,0,2,0
"PRJ0992",1,0,1,0
"PRJ0993",1,1,0,0
"PRJ0994",1,0,0,1
"PRJ0995",6,1,1,4
"PRJ0996",3,3,0,0
"PRJ0997",0,0,0,0
"PRJ0998",0,0,0,0
"PRJ0999",3,0,1,2
"PRJ1000",0,0,0,0
"PRJ1001",0,0,0,0
"PRJ1002",0,0,0,0
"PRJ1003",1,0,0,1
"PRJ1004",1,1,0,0
"PRJ1005",13,3,7,3
"PRJ1006",0,0,0,0
"PRJ1007",0,0,0,0
"PRJ1008",0,0,0,0
"PRJ1009",1,0,0,1
"PRJ1010",0,0,0,0
"PRJ1011",8,5,2,1
"PRJ1012",6,2,1,3
"PRJ1013",1,1,0,0
"PRJ1014",1,0,1,0
"PRJ1015",9,2,3,4
"PRJ1016",20,6,6,8
"PRJ1017",8,0,7,1
"PRJ1018",2,0,1,1
"PRJ1019",2,1,1,0
"PRJ1020",10,0,0,10
"PRJ1021",0,0,0,0
"PRJ1022",1,0,0,1
"PRJ1023",2,0,0,2
"PRJ1024",39,20,13,6
"PRJ1025",6,0,2,4
"PRJ1026",1,0,1,0
"PRJ1027",3,1,0,2
"PRJ1028",13,5,7,1
"PRJ1029",1,0,0,1
"PRJ1030",1,0,0,1
"PRJ1031",3,2,0,1
"PRJ1032",1,0,1,0
"PRJ1033",7,0,1,6
"PRJ1034",13,8,3,2
"PRJ1035",6,2,3,1
"PRJ1036",5,4,0,1
"PRJ1037",0,0,0,0
"PRJ1038",0,0,0,0
"PRJ1039",5,1,2,2
"PRJ1040",0,0,0,0
"PRJ1041",5,2,2,1
"PRJ1042",15,10,3,2
"PRJ1043",0,0,0,0
"PRJ1044",0,0,0,0
"PRJ1045",2,1,1,0
"PRJ1046",0,0,0,0
"PRJ1047",0,0,0,0
"PRJ1048",23,7,14,2
"PRJ1049",6,0,4,2
"PRJ1050",0,0,0,0
"PRJ1051",0,0,0,0
"PRJ1052",5,1,1,3
"PRJ1053",3,0,3,0
"PRJ1054",1,1,0,0
"PRJ1055",5,0,3,2
"PRJ1056",5,0,4,1
"PRJ1057",0,0,0,0
"PRJ1058",0,0,0,0
"PRJ1059",5,4,1,0
"PRJ1060",28,8,7,13
"PRJ1061",0,0,0,0
"PRJ1062",1,0,0,1
"PRJ1063",0,0,0,0
"PRJ1064",0,0,0,0
"PRJ1065",9,1,7,1
"PRJ1066",5,0,2,3
"PRJ1067",5,2,2,1
"PRJ1068",1,0,1,0
"PRJ1069",0,0,0,0
"PRJ1070",111,40,37,34
"PRJ1071",2,0,1,1
"PRJ1072",3,0,1,2
"PRJ1073",15,0,14,1
"PRJ1074",0,0,0,0
"PRJ1075",0,0,0,0
"PRJ1076",4,0,2,2
"PRJ1077",0,0,0,0
"PRJ1078",0,0,0,0
"PRJ1079",2,0,0,2
"PRJ1080",2,0,1,1
"PRJ1081",4,1,1,2
"PRJ1082",3,2,1,0
"PRJ1083",4,0,1,3
"PRJ1084",1,0,0,1
"PRJ1085",7,6,1,0
"PRJ1086",7,1,0,6
"PRJ1087",12,7,5,0
"PRJ1088",39,29,5,5
"PRJ1089",2,0,2,0
"PRJ1090",0,0,0,0
"PRJ1091",5,3,2,0
"PRJ1092",32,9,7,16
"PRJ1093",1,1,0,0
"PRJ1094",18,10,6,2
"PRJ1095",20,17,3,0
"PRJ1096",2,1,1,0
"PRJ1097",42,11,21,10
"PRJ1098",0,0,0,0
"PRJ1099",26,16,5,5
"PRJ1100",5,2,0,3
"PRJ1101",0,0,0,0
"PRJ1102",5,0,4,1
"PRJ1103",0,0,0,0
"PRJ1104",4,0,4,0
"PRJ1105",3,0,3,0
"PRJ1106",1,0,1,0
"PRJ1107",2,1,1,0
"PRJ1108",8,3,4,1
"PRJ1109",0,0,0,0
"PRJ1110",0,0,0,0
"PRJ1111",13,9,4,0
"PRJ1112",1,0,0,1
"PRJ1113",0,0,0,0
"PRJ1114",9,4,4,1
"PRJ1115",10,7,0,3
"PRJ1116",2,2,0,0
"PRJ1117",0,0,0,0
"PRJ1118",7,4,1,2
"PRJ1119",1,1,0,0
"PRJ1120",3,0,3,0
"PRJ1121",24,18,6,0
"PRJ1122",0,0,0,0
"PRJ1123",0,0,0,0
"PRJ1124",3,0,3,0
"PRJ1125",1,0,1,0
"PRJ1126",0,0,0,0
"PRJ1127",3,1,2,0
"PRJ1128",0,0,0,0
"PRJ1129",28,4,12,12
"PRJ1130",24,15,5,4
"PRJ1131",0,0,0,0
"PRJ1132",0,0,0,0
"PRJ1133",8,8,0,0
"PRJ1134",3,1,1,1
"PRJ1135",0,0,0,0
"PRJ1136",1,1,0,0
"PRJ1137",6,1,3,2
"PRJ1138",4,0,2,2
"PRJ1139",3,0,3,0
"PRJ1140",12,3,2,7
"PRJ1141",6,4,2,0
"PRJ1142",5,4,1,0
"PRJ1143",0,0,0,0
"PRJ1144",19,13,5,1
"PRJ1145",2,0,1,1
"PRJ1146",0,0,0,0
"PRJ1147",6,4,1,1
"PRJ1148",13,8,3,2
"PRJ1149",1,1,0,0
"PRJ1150",1,0,0,1
"PRJ1151",3,2,1,0
"PRJ1152",5,5,0,0
"PRJ1153",0,0,0,0
"PRJ1154",1,0,0,1
"PRJ1155",0,0,0,0
"PRJ1156",13,9,4,0
"PRJ1157",7,0,7,0
"PRJ1158",2,2,0,0
"PRJ1159",0,0,0,0
"PRJ1160",1,0,0,1
"PRJ1161",4,0,4,0
"PRJ1162",1,0,0,1
"PRJ1163",1,0,0,1
"PRJ1164",33,19,12,2
"PRJ1165",8,0,1,7
"PRJ1166",1,1,0,0
"PRJ1167",0,0,0,0
"PRJ1168",0,0,0,0
"PRJ1169",8,8,0,0
"PRJ1170",1,0,0,1
"PRJ1171",27,4,12,11
"PRJ1172",7,2,2,3
"PRJ1173",1,0,1,0
"PRJ1174",0,0,0,0
"PRJ1175",2,2,0,0
"PRJ1176",3,0,1,2
"PRJ1177",13,11,2,0
"PRJ1178",1,0,0,1
"PRJ1179",4,1,1,2
"PRJ1180",0,0,0,0
"PRJ1181",2,0,0,2
"PRJ1182",2,1,1,0
"PRJ1183",12,7,2,3
"PRJ1184",5,1,0,4
"PRJ1185",6,5,1,0
"PRJ1186",4,1,1,2
"PRJ1187",11,1,5,5
"PRJ1188",12,1,6,5
"PRJ1189",2,0,2,0
"PRJ1190",1,0,1,0
"PRJ1191",0,0,0,0
"PRJ1192",4,0,1,3
"PRJ1193",8,1,6,1
"PRJ1194",0,0,0,0
"PRJ1195",17,14,2,1
"PRJ1196",0,0,0,0
"PRJ1197",6,0,5,1
"PRJ1198",3,2,1,0
"PRJ1199",0,0,0,0
"PRJ1200",1,0,0,1
"PRJ1201",0,0,0,0
"PRJ1202",0,0,0,0
"PRJ1203",2,0,2,0
"PRJ1204",18,9,5,4
"PRJ1205",1,1,0,0
"PRJ1206",28,25,2,1
"PRJ1207",3,3,0,0
"PRJ1208",3,2,1,0
"PRJ1209",12,6,4,2
"PRJ1210",0,0,0,0
"PRJ1211",1,0,0,1
"PRJ1212",1,0,0,1
"PRJ1213",11,0,11,0
"PRJ1214",5,2,0,3
"PRJ1215",10,1,2,7
"PRJ1216",17,16,1,0
"PRJ1217",4,1,1,2
"PRJ1218",2,0,1,1
"PRJ1219",7,6,1,0
"PRJ1220",13,8,2,3
"PRJ1221",0,0,0,0
"PRJ1222",1,0,1,0
"PRJ1223",1,1,0,0
"PRJ1224",0,0,0,0
"PRJ1225",2,0,1,1
"PRJ1226",3,1,2,0
"PRJ1227",1,0,1,0
"PRJ1228",3,1,2,0
"PRJ1229",0,0,0,0
"PRJ1230",10,4,5,1
"PRJ1231",1,0,0,1
"PRJ1232",0,0,0,0
"PRJ1233",0,0,0,0
"PRJ1234",0,0,0,0
"PRJ1235",0,0,0,0
"PRJ1236",1,0,0,1
"PRJ1237",6,3,2,1
"PRJ1238",1,0,1,0
"PRJ1239",1,0,1,0
"PRJ1240",0,0,0,0
"PRJ1241",0,0,0,0
"PRJ1242",15,14,0,1
"PRJ1243",1,0,0,1
"PRJ1244",1,0,0,1
"PRJ1245",2,0,0,2
"PRJ1246",10,9,1,0
"PRJ1247",2,1,0,1
"PRJ1248",8,0,6,2
"PRJ1249",1,1,0,0
"PRJ1250",2,2,0,0
"PRJ1251",1,0,0,1
"PRJ1252",3,0,2,1
"PRJ1253",1,1,0,0
"PRJ1254",0,0,0,0
"PRJ1255",0,0,0,0
"PRJ1256",32,12,10,10
"PRJ1257",2,1,0,1
"PRJ1258",5,4,0,1
"PRJ1259",2,1,1,0
"PRJ1260",2,0,2,0
"PRJ1261",0,0,0,0
"PRJ1262",4,0,3,1
"PRJ1263",1,1,0,0
"PRJ1264",4,2,1,1
"PRJ1265",2,0,0,2
"PRJ1266",1,1,0,0
"PRJ1267",1,0,0,1
"PRJ1268",0,0,0,0
"PRJ1269",0,0,0,0
"PRJ1270",0,0,0,0
"PRJ1271",2,0,1,1
"PRJ1272",0,0,0,0
"PRJ1273",1,0,1,0
"PRJ1274",0,0,0,0
"PRJ1275",0,0,0,0
"PRJ1276",8,2,2,4
"PRJ1277",0,0,0,0
"PRJ1278",2,1,1,0
"PRJ1279",9,2,2,5
"PRJ1280",4,2,1,1
"PRJ1281",4,2,2,0
"PRJ1282",2,2,0,0
"PRJ1283",0,0,0,0
"PRJ1284",2,1,1,0
"PRJ1285",38,11,10,17
"PRJ1286",37,4,18,15
"PRJ1287",4,0,2,2
"PRJ1288",1,1,0,0
"PRJ1289",7,7,0,0
"PRJ1290",1,0,1,0
"PRJ1291",0,0,0,0
"PRJ1292",0,0,0,0
"PRJ1293",0,0,0,0
"PRJ1294",1,0,0,1
"PRJ1295",0,0,0,0
"PRJ1296",3,0,1,2
"PRJ1297",3,3,0,0
"PRJ1298",7,4,2,1
"PRJ1299",15,7,6,2
"PRJ1300",5,3,2,0
"PRJ1301",0,0,0,0
"PRJ1302",2,0,0,2
"PRJ1303",3,2,0,1
"PRJ1304",1,0,0,1
"PRJ1305",0,0,0,0
"PRJ1306",5,3,2,0
"PRJ1307",0,0,0,0
"PRJ1308",2,0,2,0
"PRJ1309",4,3,1,0
"PRJ1310",0,0,0,0
"PRJ1311",0,0,0,0
"PRJ1312",0,0,0,0
"PRJ1313",0,0,0,0
"PRJ1314",0,0,0,0
"PRJ1315",0,0,0,0
"PRJ1316",0,0,0,0
"PRJ1317",0,0,0,0
"PRJ1318",0,0,0,0
"PRJ1319",0,0,0,0
"PRJ1320",4,0,4,0
"PRJ1321",1,0,0,1
"PRJ1322",0,0,0,0
"PRJ1323",3,3,0,0
"PRJ1324",0,0,0,0
"PRJ1325",2,0,2,0
"PRJ1326",5,2,2,1
"PRJ1327",7,3,3,1
"PRJ1328",9,1,5,3
"PRJ1329",3,2,0,1
"PRJ1330",9,6,1,2
"PRJ1331",0,0,0,0
"PRJ1332",11,0,1,10
"PRJ1333",6,2,4,0
"PRJ1334",3,3,0,0
"PRJ1335",3,2,1,0
"PRJ1336",10,0,10,0
"PRJ1337",0,0,0,0
"PRJ1338",0,0,0,0
"PRJ1339",5,3,1,1
"PRJ1340",2,1,1,0
"PRJ1341",4,0,4,0
"PRJ1342",1,0,1,0
"PRJ1343",0,0,0,0
"PRJ1344",2,1,0,1
"PRJ1345",1,0,1,0
"PRJ1346",3,0,1,2
"PRJ1347",5,0,4,1
"PRJ1348",8,8,0,0
"PRJ1349",13,7,1,5
"PRJ1350",0,0,0,0
"PRJ1351",3,0,0,3
"PRJ1352",3,2,1,0
"PRJ1353",7,1,4,2
"PRJ1354",0,0,0,0
"PRJ1355",0,0,0,0
"PRJ1356",25,4,15,6
"PRJ1357",4,0,0,4
"PRJ1358",3,1,0,2
"PRJ1359",0,0,0,0
"PRJ1360",2,0,0,2
"PRJ1361",0,0,0,0
"PRJ1362",5,2,0,3
"PRJ1363",3,0,0,3
"PRJ1364",4,2,1,1
"PRJ1365",2,2,0,0
"PRJ1366",8,3,2,3
"PRJ1367",0,0,0,0
"PRJ1368",1,0,0,1
"PRJ1369",6,5,0,1
"PRJ1370",1,1,0,0
"PRJ1371",3,0,1,2
"PRJ1372",7,1,5,1
"PRJ1373",2,2,0,0
"PRJ1374",49,4,17,28
"PRJ1375",0,0,0,0
"PRJ1376",9,1,6,2
"PRJ1377",1,1,0,0
"PRJ1378",2,0,0,2
"PRJ1379",0,0,0,0
"PRJ1380",14,1,5,8
"PRJ1381",0,0,0,0
"PRJ1382",0,0,0,0
"PRJ1383",1,0,0,1
"PRJ1384",0,0,0,0
"PRJ1385",15,6,4,5
"PRJ1386",18,14,4,0
"PRJ1387",0,0,0,0
"PRJ1388",1,0,0,1
"PRJ1389",0,0,0,0
"PRJ1390",2,2,0,0
"PRJ1391",3,0,1,2
"PRJ1392",0,0,0,0
"PRJ1393",5,1,2,2
"PRJ1394",1,0,0,1
"PRJ1395",0,0,0,0
"PRJ1396",1,0,0,1
"PRJ1397",5,5,0,0
"PRJ1398",0,0,0,0
"PRJ1399",2,0,2,0
"PRJ1400",0,0,0,0
"PRJ1401",0,0,0,0
"PRJ1402",4,2,2,0
"PRJ1403",1,0,0,1
"PRJ1404",0,0,0,0
"PRJ1405",11,0,8,3
"PRJ1406",0,0,0,0
"PRJ1407",2,2,0,0
"PRJ1408",5,2,1,2
"PRJ1409",3,1,0,2
"PRJ1410",1,1,0,0
"PRJ1411",0,0,0,0
"PRJ1412",10,6,3,1
"PRJ1413",9,5,0,4
"PRJ1414",3,1,0,2
"PRJ1415",8,0,4,4
"PRJ1416",0,0,0,0
"PRJ1417",1,0,0,1
"PRJ1418",6,2,4,0
"PRJ1419",0,0,0,0
"PRJ1420",2,0,0,2
"PRJ1421",0,0,0,0
"PRJ1422",1,0,1,0
"PRJ1423",0,0,0,0
"PRJ1424",5,4,1,0
"PRJ1425",2,2,0,0
"PRJ1426",0,0,0,0
"PRJ1427",0,0,0,0
"PRJ1428",0,0,0,0
"PRJ1429",0,0,0,0
"PRJ1430",0,0,0,0
"PRJ1431",1,1,0,0
"PRJ1432",0,0,0,0
"PRJ1433",3,3,0,0
"PRJ1434",4,3,1,0
"PRJ1435",1,0,0,1
"PRJ1436",3,1,0,2
"PRJ1437",0,0,0,0
"PRJ1438",8,3,3,2
"PRJ1439",0,0,0,0
"PRJ1440",0,0,0,0
"PRJ1441",0,0,0,0
"PRJ1442",2,0,0,2
"PRJ1443",2,0,2,0
"PRJ1444",0,0,0,0
"PRJ1445",4,3,1,0
"PRJ1446",6,3,1,2
"PRJ1447",0,0,0,0
"PRJ1448",0,0,0,0
"PRJ1449",2,0,1,1
"PRJ1450",0,0,0,0
"PRJ1451",1,0,0,1
"PRJ1452",17,5,9,3
"PRJ1453",0,0,0,0
"PRJ1454",18,13,5,0
"PRJ1455",7,0,2,5
"PRJ1456",7,2,3,2
"PRJ1457",13,1,7,5
"PRJ1458",3,2,0,1
"PRJ1459",25,0,14,11
"PRJ1460",6,2,3,1
"PRJ1461",0,0,0,0
"PRJ1462",27,3,10,14
"PRJ1463",1,0,0,1
"PRJ1464",1,0,0,1
"PRJ1465",0,0,0,0
"PRJ1466",0,0,0,0
"PRJ1467",0,0,0,0
"PRJ1468",3,0,1,2
"PRJ1469",3,0,0,3
"PRJ1470",15,6,5,4
"PRJ1471",1,1,0,0
"PRJ1472",4,0,0,4
"PRJ1473",0,0,0,0
"PRJ1474",0,0,0,0
"PRJ1475",0,0,0,0
"PRJ1476",13,2,5,6
"PRJ1477",1,0,0,1
"PRJ1478",2,0,0,2
"PRJ1479",1,0,0,1
"PRJ1480",16,1,12,3
"PRJ1481",1,0,0,1
"PRJ1482",8,4,4,0
"PRJ1483",9,0,1,8
"PRJ1484",9,8,0,1
"PRJ1485",1,0,0,1
"PRJ1486",1,0,0,1
"PRJ1487",16,8,3,5
"PRJ1488",0,0,0,0
"PRJ1489",0,0,0,0
"PRJ1490",2,0,1,1
"PRJ1491",31,2,20,9
"PRJ1492",3,2,0,1
"PRJ1493",15,5,9,1
"PRJ1494",0,0,0,0
"PRJ1495",0,0,0,0
"PRJ1496",0,0,0,0
"PRJ1497",4,0,0,4
"PRJ1498",5,2,3,0
"PRJ1499",0,0,0,0
"PRJ1500",2,1,0,1
"PRJ1501",0,0,0,0
"PRJ1502",0,0,0,0
"PRJ1503",4,4,0,0
"PRJ1504",3,2,1,0
"PRJ1505",0,0,0,0
"PRJ1506",1,0,0,1
"PRJ1507",1,0,0,1
"PRJ1508",0,0,0,0
"PRJ1509",0,0,0,0
"PRJ1510",0,0,0,0
"PRJ1511",2,1,0,1
"PRJ1512",2,0,0,2
"PRJ1513",9,2,4,3
"PRJ1514",3,1,2,0
"PRJ1515",0,0,0,0
"PRJ1516",1,0,0,1
"PRJ1517",32,10,19,3
"PRJ1518",0,0,0,0
"PRJ1519",2,2,0,0
"PRJ1520",0,0,0,0
"PRJ1521",0,0,0,0
"PRJ1522",1,0,0,1
"PRJ1523",4,0,0,4
"PRJ1524",0,0,0,0
"PRJ1525",2,0,0,2
"PRJ1526",0,0,0,0
"PRJ1527",3,0,0,3
"PRJ1528",2,1,1,0
"PRJ1529",2,0,0,2
"PRJ1530",1,1,0,0
"PRJ1531",0,0,0,0
"PRJ1532",0,0,0,0
"PRJ1533",0,0,0,0
"PRJ1534",0,0,0,0
"PRJ1535",1,0,0,1
"PRJ1536",1,0,1,0
"PRJ1537",1,0,0,1
"PRJ1538",1,0,0,1
"PRJ1539",0,0,0,0
"PRJ1540",0,0,0,0
"PRJ1541",3,0,0,3
"PRJ1542",8,2,3,3
"PRJ1543",2,1,0,1
"PRJ1544",1,0,0,1
"PRJ1545",4,0,3,1
"PRJ1546",1,0,1,0
"PRJ1547",1,0,0,1
"PRJ1548",5,0,1,4
"PRJ1549",3,2,1,0
"PRJ1550",8,1,0,7
"PRJ1551",1,0,0,1
"PRJ1552",1,0,0,1
"PRJ1553",3,0,1,2
"PRJ1554",0,0,0,0
"PRJ1555",0,0,0,0
"PRJ1556",0,0,0,0
"PRJ1557",1,1,0,0
"PRJ1558",2,0,2,0
"PRJ1559",16,5,7,4
"PRJ1560",0,0,0,0
"PRJ1561",6,0,2,4
"PRJ1562",0,0,0,0
"PRJ1563",0,0,0,0
"PRJ1564",0,0,0,0
"PRJ1565",3,1,0,2
"PRJ1566",3,1,1,1
"PRJ1567",1,0,0,1
"PRJ1568",1,1,0,0
"PRJ1569",2,2,0,0
"PRJ1570",1,0,0,1
"PRJ1571",0,0,0,0
"PRJ1572",1,0,0,1
"PRJ1573",2,1,1,0
"PRJ1574",0,0,0,0
"PRJ1575",15,11,3,1
"PRJ1576",2,2,0,0
"PRJ1577",3,0,2,1
"PRJ1578",0,0,0,0
"PRJ1579",9,8,1,0
"PRJ1580",4,2,1,1
"PRJ1581",0,0,0,0
"PRJ1582",0,0,0,0
"PRJ1583",0,0,0,0
"PRJ1584",21,7,13,1
"PRJ1585",1,0,1,0
"PRJ1586",0,0,0,0
"PRJ1587",29,5,5,19
"PRJ1588",1,0,0,1
"PRJ1589",0,0,0,0
"PRJ1590",2,0,0,2
"PRJ1591",0,0,0,0
"PRJ1592",0,0,0,0
"PRJ1593",1,0,1,0
"PRJ1594",1,0,1,0
"PRJ1595",0,0,0,0
"PRJ1596",1,0,0,1
"PRJ1597",7,6,1,0
"PRJ1598",0,0,0,0
"PRJ1599",6,3,3,0
"PRJ1600",17,3,13,1
"PRJ1601",33,0,15,18
"PRJ1602",1,0,0,1
"PRJ1603",5,1,0,4
"PRJ1604",1,0,0,1
"PRJ1605",0,0,0,0
"PRJ1606",1,0,0,1
"PRJ1607",2,0,0,2
"PRJ1608",0,0,0,0
"PRJ1609",1,0,0,1
"PRJ1610",16,5,7,4
"PRJ1611",19,9,6,4
"PRJ1612",0,0,0,0
"PRJ1613",0,0,0,0
"PRJ1614",0,0,0,0
"PRJ1615",14,0,8,6
"PRJ1616",1,0,0,1
"PRJ1617",0,0,0,0
"PRJ1618",1,0,0,1
"PRJ1619",1,0,0,1
"PRJ1620",1,0,0,1
"PRJ1621",0,0,0,0
"PRJ1622",2,0,1,1
"PRJ1623",0,0,0,0
"PRJ1624",5,3,2,0
"PRJ1625",2,0,0,2
"PRJ1626",1,0,0,1
"PRJ1627",2,0,2,0
"PRJ1628",0,0,0,0
"PRJ1629",0,0,0,0
"PRJ1630",0,0,0,0
"PRJ1631",1,0,1,0
"PRJ1632",10,1,3,6
"PRJ1633",0,0,0,0
"PRJ1634",4,0,3,1
"PRJ1635",1,0,0,1
"PRJ1636",1,0,0,1
"PRJ1637",4,2,1,1
"PRJ1638",32,14,13,5
"PRJ1639",8,1,4,3
"PRJ1640",1,0,0,1
"PRJ1641",0,0,0,0
"PRJ1642",16,5,2,9
"PRJ1643",0,0,0,0
"PRJ1644",0,0,0,0
"PRJ1645",1,0,0,1
"PRJ1646",4,0,2,2
"PRJ1647",5,2,2,1
"PRJ1648",1,1,0,0
"PRJ1649",1,0,0,1
"PRJ1650",4,0,2,2
"PRJ1651",0,0,0,0
"PRJ1652",0,0,0,0
"PRJ1653",0,0,0,0
"PRJ1654",19,5,8,6
"PRJ1655",0,0,0,0
"PRJ1656",1,1,0,0
"PRJ1657",0,0,0,0
"PRJ1658",0,0,0,0
"PRJ1659",10,0,2,8
"PRJ1660",0,0,0,0
"PRJ1661",1,0,0,1
"PRJ1662",5,3,2,0
"PRJ1663",0,0,0,0
"PRJ1664",0,0,0,0
"PRJ1665",20,4,7,9
"PRJ1666",5,0,1,4
"PRJ1667",2,0,2,0
"PRJ1668",0,0,0,0
"PRJ1669",27,24,2,1
"PRJ1670",1,0,0,1
"PRJ1671",1,0,1,0
"PRJ1672",3,0,0,3
"PRJ1673",2,1,0,1
"PRJ1674",2,0,0,2
"PRJ1675",0,0,0,0
"PRJ1676",1,0,0,1
"PRJ1677",0,0,0,0
"PRJ1678",0,0,0,0
"PRJ1679",0,0,0,0
"PRJ1680",27,23,3,1
"PRJ1681",2,1,1,0
"PRJ1682",3,2,1,0
"PRJ1683",2,0,0,2
"PRJ1684",3,0,3,0
"PRJ1685",0,0,0,0
"PRJ1686",3,2,0,1
"PRJ1687",5,3,1,1
"PRJ1688",5,2,1,2
"PRJ1689",1,0,1,0
"PRJ1690",3,0,1,2
"PRJ1691",0,0,0,0
"PRJ1692",0,0,0,0
"PRJ1693",0,0,0,0
"PRJ1694",1,0,1,0
"PRJ1695",3,1,2,0
"PRJ1696",23,4,12,7
"PRJ1697",0,0,0,0
"PRJ1698",9,2,1,6
"PRJ1699",0,0,0,0
"PRJ1700",1,0,0,1
"PRJ1701",4,4,0,0
"PRJ1702",1,0,0,1
"PRJ1703",0,0,0,0
"PRJ1704",0,0,0,0
"PRJ1705",1,1,0,0
"PRJ1706",0,0,0,0
"PRJ1707",3,1,0,2
"PRJ1708",5,0,4,1
"PRJ1709",1,0,0,1
"PRJ1710",13,3,1,9
"PRJ1711",8,2,3,3
"PRJ1712",1,1,0,0
"PRJ1713",2,0,0,2
"PRJ1714",0,0,0,0
"PRJ1715",1,0,0,1
"PRJ1716",0,0,0,0
"PRJ1717",0,0,0,0
"PRJ1718",1,0,1,0
"PRJ1719",6,0,3,3
"PRJ1720",24,10,5,9
"PRJ1721",0,0,0,0
"PRJ1722",0,0,0,0
"PRJ1723",0,0,0,0
"PRJ1724",2,0,0,2
"PRJ1725",0,0,0,0
"PRJ1726",5,0,0,5
"PRJ1727",0,0,0,0
"PRJ1728",0,0,0,0
"PRJ1729",4,0,3,1
"PRJ1730",2,0,0,2
"PRJ1731",4,0,4,0
"PRJ1732",0,0,0,0
"PRJ1733",0,0,0,0
"PRJ1734",1,0,0,1
"PRJ1735",1,0,1,0
"PRJ1736",0,0,0,0
"PRJ1737",3,2,0,1
"PRJ1738",1,0,0,1
"PRJ1739",1,0,0,1
"PRJ1740",2,0,1,1
"PRJ1741",0,0,0,0
"PRJ1742",13,6,2,5
"PRJ1743",0,0,0,0
"PRJ1744",0,0,0,0
"PRJ1745",1,0,0,1
"PRJ1746",2,0,1,1
"PRJ1747",6,0,3,3
"PRJ1748",0,0,0,0
"PRJ1749",8,0,6,2
"PRJ1750",4,0,0,4
"PRJ1751",3,0,2,1
"PRJ1752",11,0,0,11
"PRJ1753",0,0,0,0
"PRJ1754",1,0,0,1
"PRJ1755",4,0,1,3
"PRJ1756",0,0,0,0
"PRJ1757",0,0,0,0
"PRJ1758",0,0,0,0
"PRJ1759",8,3,2,3
"PRJ1760",0,0,0,0
"PRJ1761",3,0,2,1
"PRJ1762",5,2,1,2
"PRJ1763",7,2,3,2
"PRJ1764",6,0,1,5
"PRJ1765",0,0,0,0
"PRJ1766",0,0,0,0
"PRJ1767",6,2,2,2
"PRJ1768",0,0,0,0
"PRJ1769",2,0,2,0
"PRJ1770",0,0,0,0
"PRJ1771",0,0,0,0
"PRJ1772",3,0,1,2
"PRJ1773",5,0,2,3
"PRJ1774",4,0,1,3
"PRJ1775",17,5,3,9
"PRJ1776",18,2,12,4
"PRJ1777",2,0,0,2
"PRJ1778",2,0,0,2
"PRJ1779",5,4,1,0
"PRJ1780",0,0,0,0
"PRJ1781",20,10,2,8
"PRJ1782",5,1,2,2
"PRJ1783",2,2,0,0
"PRJ1784",0,0,0,0
"PRJ1785",0,0,0,0
"PRJ1786",12,0,1,11
"PRJ1787",0,0,0,0
"PRJ1788",2,0,2,0
"PRJ1789",2,0,0,2
"PRJ1790",0,0,0,0
"PRJ1791",0,0,0,0
"PRJ1792",3,0,1,2
"PRJ1793",5,2,0,3
"PRJ1794",1,0,1,0
"PRJ1795",6,4,2,0
"PRJ1796",0,0,0,0
"PRJ1797",1,0,0,1
"PRJ1798",1,0,0,1
"PRJ1799",0,0,0,0
"PRJ1800",2,0,0,2
"PRJ1801",12,1,5,6
"PRJ1802",63,20,30,13
"PRJ1803",1,0,1,0
"PRJ1804",1,0,1,0
"PRJ1805",0,0,0,0
"PRJ1806",1,0,0,1
"PRJ1807",0,0,0,0
"PRJ1808",12,2,10,0
"PRJ1809",5,1,3,1
"PRJ1810",22,2,10,10
"PRJ1811",0,0,0,0
"PRJ1812",7,3,1,3
"PRJ1813",6,1,3,2
"PRJ1814",0,0,0,0
"PRJ1815",4,0,2,2
"PRJ1816",0,0,0,0
"PRJ1817",9,7,2,0
"PRJ1818",11,5,5,1
"PRJ1819",0,0,0,0
"PRJ1820",4,2,2,0
"PRJ1821",12,3,3,6
"PRJ1822",1,0,0,1
"PRJ1823",13,1,10,2
"PRJ1824",0,0,0,0
"PRJ1825",2,0,0,2
"PRJ1826",3,0,0,3
"PRJ1827",5,4,0,1
"PRJ1828",0,0,0,0
"PRJ1829",0,0,0,0
"PRJ1830",1,0,1,0
"PRJ1831",1,0,0,1
"PRJ1832",2,0,1,1
"PRJ1833",1,0,0,1
"PRJ1834",0,0,0,0
"PRJ1835",4,0,3,1
"PRJ1836",6,0,2,4
"PRJ1837",1,1,0,0
"PRJ1838",7,0,2,5
"PRJ1839",12,0,5,7
"PRJ1840",5,1,4,0
"PRJ1841",5,0,0,5
"PRJ1842",0,0,0,0
"PRJ1843",25,8,15,2
"PRJ1844",10,7,3,0
"PRJ1845",3,0,2,1
"PRJ1846",1,1,0,0
"PRJ1847",2,0,2,0
"PRJ1848",10,2,4,4
"PRJ1849",0,0,0,0
"PRJ1850",1,0,1,0
"PRJ1851",7,2,2,3
"PRJ1852",7,0,2,5
"PRJ1853",2,0,1,1
"PRJ1854",19,9,7,3
"PRJ1855",6,0,1,5
"PRJ1856",1,0,1,0
"PRJ1857",1,1,0,0
"PRJ1858",2,1,0,1
"PRJ1859",22,17,3,2
"PRJ1860",0,0,0,0
"PRJ1861",0,0,0,0
"PRJ1862",1,0,0,1
"PRJ1863",0,0,0,0
"PRJ1864",32,7,22,3
"PRJ1865",1,0,0,1
"PRJ1866",1,0,0,1
"PRJ1867",0,0,0,0
"PRJ1868",0,0,0,0
"PRJ1869",0,0,0,0
"PRJ1870",3,0,1,2
"PRJ1871",0,0,0,0
"PRJ1872",1,0,1,0
"PRJ1873",3,0,0,3
"PRJ1874",27,1,6,20
"PRJ1875",9,5,3,1
"PRJ1876",2,0,1,1
"PRJ1877",0,0,0,0
"PRJ1878",0,0,0,0
"PRJ1879",1,0,0,1
"PRJ1880",6,2,2,2
"PRJ1881",1,0,0,1
"PRJ1882",0,0,0,0
"PRJ1883",0,0,0,0
"PRJ1884",0,0,0,0
"PRJ1885",0,0,0,0
"PRJ1886",2,0,0,2
"PRJ1887",0,0,0,0
"PRJ1888",2,0,0,2
"PRJ1889",3,2,1,0
"PRJ1890",13,0,1,12
"PRJ1891",1,0,0,1
"PRJ1892",1,0,0,1
"PRJ1893",2,1,1,0
"PRJ1894",0,0,0,0
"PRJ1895",0,0,0,0
"PRJ1896",1,0,0,1
"PRJ1897",46,25,14,7
"PRJ1898",54,11,24,19
"PRJ1899",14,3,6,5
"PRJ1900",1,0,0,1
"PRJ1901",2,0,2,0
"PRJ1902",0,0,0,0
"PRJ1903",1,0,0,1
"PRJ1904",19,2,9,8
"PRJ1905",0,0,0,0
"PRJ1906",0,0,0,0
"PRJ1907",2,0,0,2
"PRJ1908",3,1,2,0
"PRJ1909",56,8,15,33
"PRJ1910",7,1,5,1
"PRJ1911",6,0,2,4
"PRJ1912",0,0,0,0
"PRJ1913",5,0,5,0
"PRJ1914",2,0,2,0
"PRJ1915",0,0,0,0
"PRJ1916",0,0,0,0
"PRJ1917",8,0,0,8
"PRJ1918",6,2,2,2
"PRJ1919",7,5,2,0
"PRJ1920",43,1,22,20
"PRJ1921",3,0,1,2
"PRJ1922",1,0,0,1
"PRJ1923",4,0,2,2
"PRJ1924",0,0,0,0
"PRJ1925",3,0,1,2
"PRJ1926",0,0,0,0
"PRJ1927",9,7,1,1
"PRJ1928",2,0,0,2
"PRJ1929",0,0,0,0
"PRJ1930",1,1,0,0
"PRJ1931",0,0,0,0
"PRJ1932",0,0,0,0
"PRJ1933",0,0,0,0
"PRJ1934",4,0,0,4
"PRJ1935",1,0,0,1
"PRJ1936",0,0,0,0
"PRJ1937",0,0,0,0
"PRJ1938",1,0,0,1
"PRJ1939",1,0,1,0
"PRJ1940",0,0,0,0
"PRJ1941",3,0,0,3
"PRJ1942",4,0,2,2
"PRJ1943",10,0,4,6
"PRJ1944",14,3,8,3
"PRJ1945",3,1,0,2
"PRJ1946",2,1,1,0
"PRJ1947",4,0,2,2
"PRJ1948",6,0,2,4
"PRJ1949",4,0,2,2
"PRJ1950",0,0,0,0
"PRJ1951",5,1,0,4
"PRJ1952",4,1,2,1
"PRJ1953",1,0,1,0
"PRJ1954",4,3,1,0
"PRJ1955",2,1,0,1
"PRJ1956",7,3,3,1
"PRJ1957",23,12,6,5
"PRJ1958",1,0,1,0
"PRJ1959",0,0,0,0
"PRJ1960",1,0,0,1
"PRJ1961",2,0,0,2
"PRJ1962",0,0,0,0
"PRJ1963",7,4,2,1
"PRJ1964",8,2,3,3
"PRJ1965",0,0,0,0
"PRJ1966",4,2,0,2
"PRJ1967",0,0,0,0
"PRJ1968",3,0,0,3
"PRJ1969",2,0,0,2
"PRJ1970",5,0,0,5
"PRJ1971",20,7,7,6
"PRJ1972",3,1,2,0
"PRJ1973",2,0,0,2
"PRJ1974",18,11,7,0
"PRJ1975",2,0,1,1
"PRJ1976",0,0,0,0
"PRJ1977",3,2,0,1
"PRJ1978",1,1,0,0
"PRJ1979",4,4,0,0
"PRJ1980",5,2,1,2
"PRJ1981",0,0,0,0
"PRJ1982",18,3,10,5
"PRJ1983",13,5,3,5
"PRJ1984",3,1,0,2
"PRJ1985",8,2,1,5
"PRJ1986",0,0,0,0
"PRJ1987",3,1,0,2
"PRJ1988",0,0,0,0
"PRJ1989",1,0,0,1
"PRJ1990",6,4,0,2
"PRJ1991",1,0,0,1
"PRJ1992",1,0,0,1
"PRJ1993",1,0,1,0
"PRJ1994",1,0,0,1
"PRJ1995",1,0,0,1
"PRJ1996",2,1,0,1
"PRJ1997",0,0,0,0
"PRJ1998",0,0,0,0
"PRJ1999",3,1,0,2
"PRJ2000",18,6,4,8
"PRJ2001",0,0,0,0
"PRJ2002",3,1,0,2
"PRJ2003",3,1,1,1
"PRJ2004",8,5,3,0
"PRJ2005",13,9,2,2
"PRJ2006",7,0,2,5
"PRJ2007",7,5,2,0
"PRJ2008",0,0,0,0
"PRJ2009",1,0,1,0
"PRJ2010",0,0,0,0
"PRJ2011",4,1,0,3
"PRJ2012",9,4,3,2
"PRJ2013",2,2,0,0
"PRJ2014",11,4,5,2
"PRJ2015",17,3,10,4
"PRJ2016",11,1,2,8
"PRJ2017",4,0,3,1
"PRJ2018",9,2,0,7
"PRJ2019",3,0,2,1
"PRJ2020",6,4,1,1
"PRJ2021",10,5,2,3
"PRJ2022",15,5,1,9
"PRJ2023",3,1,2,0
"PRJ2024",10,5,2,3
"PRJ2025",6,0,2,4
"PRJ2026",12,3,7,2
"PRJ2027",0,0,0,0
"PRJ2028",0,0,0,0
"PRJ2029",72,34,33,5
"PRJ2030",7,6,1,0
"PRJ2031",24,12,9,3
"PRJ2032",7,1,2,4
"PRJ2033",2,1,0,1
"PRJ2034",6,2,3,1
"PRJ2035",7,3,3,1
"PRJ2036",3,0,2,1
"PRJ2037",8,3,2,3
"PRJ2038",19,11,5,3
"PRJ2039",2,0,1,1
"PRJ2040",28,16,8,4
"PRJ2041",16,9,3,4
"PRJ2042",4,2,1,1
"PRJ2043",2,0,1,1
"PRJ2044",6,3,3,0
"PRJ2045",5,1,1,3
"PRJ2046",3,1,1,1
"PRJ2047",1,1,0,0
"PRJ2048",1,0,0,1
"PRJ2049",11,4,5,2
"PRJ2050",5,0,4,1
"PRJ2051",0,0,0,0
"PRJ2052",4,2,2,0
"PRJ2053",0,0,0,0
"PRJ2054",0,0,0,0
"PRJ2055",7,2,2,3
"PRJ2056",3,3,0,0
"PRJ2057",1,0,0,1
"PRJ2058",0,0,0,0
"PRJ2059",0,0,0,0
"PRJ2060",7,4,2,1
"PRJ2061",3,0,3,0
"PRJ2062",6,0,2,4
"PRJ2063",0,0,0,0
"PRJ2064",0,0,0,0
"PRJ2065",0,0,0,0
"PRJ2066",0,0,0,0
"PRJ2067",8,0,3,5
"PRJ2068",1,0,0,1
"PRJ2069",19,4,3,12
"PRJ2070",14,9,2,3
"PRJ2071",0,0,0,0
"PRJ2072",2,0,0,2
"PRJ2073",0,0,0,0
"PRJ2074",1,0,0,1
"PRJ2075",1,0,1,0
"PRJ2076",1,0,1,0
"PRJ2077",1,0,0,1
"PRJ2078",0,0,0,0
"PRJ2079",2,0,0,2
"PRJ2080",4,0,2,2
"PRJ2081",2,0,0,2
"PRJ2082",0,0,0,0
"PRJ2083",2,0,0,2
"PRJ2084",6,3,3,0
"PRJ2085",1,0,1,0
"PRJ2086",3,0,0,3
"PRJ2087",0,0,0,0
"PRJ2088",1,0,1,0
"PRJ2089",0,0,0,0
"PRJ2090",0,0,0,0
"PRJ2091",1,0,0,1
"PRJ2092",2,0,1,1
"PRJ2093",0,0,0,0
"PRJ2094",0,0,0,0
"PRJ2095",0,0,0,0
"PRJ2096",6,1,2,3
"PRJ2097",5,2,3,0
"PRJ2098",3,0,1,2
"PRJ2099",2,0,1,1
"PRJ2100",39,17,9,13
"PRJ2101",3,0,1,2
"PRJ2102",0,0,0,0
"PRJ2103",2,1,0,1
"PRJ2104",1,0,0,1
"PRJ2105",0,0,0,0
"PRJ2106",3,0,2,1
"PRJ2107",2,0,1,1
"PRJ2108",60,23,22,15
"PRJ2109",10,5,2,3
"PRJ2110",6,1,3,2
"PRJ2111",20,7,11,2
"PRJ2112",11,3,0,8
"PRJ2113",0,0,0,0
"PRJ2114",9,3,5,1
"PRJ2115",9,5,1,3
"PRJ2116",1,0,0,1
"PRJ2117",0,0,0,0
"PRJ2118",0,0,0,0
"PRJ2119",0,0,0,0
"PRJ2120",2,0,0,2
"PRJ2121",1,0,0,1
"PRJ2122",0,0,0,0
"PRJ2123",2,0,2,0
"PRJ2124",0,0,0,0
"PRJ2125",9,2,2,5
"PRJ2126",6,2,1,3
"PRJ2127",9,5,3,1
"PRJ2128",0,0,0,0
"PRJ2129",11,0,1,10
"PRJ2130",3,0,0,3
"PRJ2131",0,0,0,0
"PRJ2132",6,1,2,3
"PRJ2133",0,0,0,0
"PRJ2134",7,5,2,0
"PRJ2135",6,3,3,0
"PRJ2136",1,0,0,1
"PRJ2137",0,0,0,0
"PRJ2138",0,0,0,0
"PRJ2139",6,1,0,5
"PRJ2140",0,0,0,0
"PRJ2141",0,0,0,0
"PRJ2142",1,0,0,1
"PRJ2143",8,3,4,1
"PRJ2144",1,0,0,1
"PRJ2145",12,3,4,5
"PRJ2146",0,0,0,0
"PRJ2147",0,0,0,0
"PRJ2148",0,0,0,0
"PRJ2149",0,0,0,0
"PRJ2150",1,0,0,1
"PRJ2151",10,1,3,6
"PRJ2152",8,3,1,4
"PRJ2153",4,2,2,0
"PRJ2154",4,2,2,0
"PRJ2155",5,0,3,2
"PRJ2156",1,0,1,0
"PRJ2157",10,0,6,4
"PRJ2158",2,1,1,0
"PRJ2159",2,0,1,1
"PRJ2160",1,0,1,0
"PRJ2161",1,0,0,1
"PRJ2162",1,0,1,0
"PRJ2163",3,0,1,2
"PRJ2164",0,0,0,0
"PRJ2165",1,0,0,1
"PRJ2166",5,0,0,5
"PRJ2167",7,6,0,1
"PRJ2168",4,1,2,1
"PRJ2169",3,2,0,1
"PRJ2170",0,0,0,0
"PRJ2171",3,3,0,0
"PRJ2172",1,0,1,0
"PRJ2173",3,0,1,2
"PRJ2174",0,0,0,0
"PRJ2175",6,0,1,5
"PRJ2176",1,0,1,0
"PRJ2177",2,0,1,1
"PRJ2178",2,0,0,2
"PRJ2179",3,2,0,1
"PRJ2180",1,0,0,1
"PRJ2181",6,0,0,6
"PRJ2182",0,0,0,0
"PRJ2183",9,2,0,7
"PRJ2184",1,0,0,1
"PRJ2185",0,0,0,0
"PRJ2186",2,1,0,1
"PRJ2187",0,0,0,0
"PRJ2188",1,0,0,1
"PRJ2189",1,1,0,0
"PRJ2190",0,0,0,0
"PRJ2191",0,0,0,0
"PRJ2192",8,0,3,5
"PRJ2193",21,5,10,6
"PRJ2194",3,1,1,1
"PRJ2195",9,3,3,3
"PRJ2196",1,1,0,0
"PRJ2197",0,0,0,0
"PRJ2198",2,1,1,0
"PRJ2199",4,2,0,2
"PRJ2200",1,0,1,0
"PRJ2201",3,0,1,2
"PRJ2202",1,1,0,0
"PRJ2203",2,0,0,2
"PRJ2204",0,0,0,0
"PRJ2205",21,6,4,11
"PRJ2206",2,0,1,1
"PRJ2207",1,0,0,1
"PRJ2208",4,0,3,1
"PRJ2209",1,1,0,0
"PRJ2210",3,0,2,1
"PRJ2211",4,3,0,1
"PRJ2212",0,0,0,0
"PRJ2213",0,0,0,0
"PRJ2214",8,4,3,1
"PRJ2215",8,4,3,1
"PRJ2216",0,0,0,0
"PRJ2217",1,0,0,1
"PRJ2218",6,0,3,3
"PRJ2219",1,0,0,1
"PRJ2220",9,0,8,1
"PRJ2221",17,6,5,6
"PRJ2222",0,0,0,0
"PRJ2223",0,0,0,0
"PRJ2224",0,0,0,0
"PRJ2225",3,3,0,0
"PRJ2226",5,3,0,2
"PRJ2227",3,0,0,3
"PRJ2228",2,0,0,2
"PRJ2229",4,0,0,4
"PRJ2230",6,2,1,3
"PRJ2231",4,2,1,1
"PRJ2232",0,0,0,0
"PRJ2233",2,0,1,1
"PRJ2234",6,4,0,2
"PRJ2235",0,0,0,0
"PRJ2236",1,0,1,0
"PRJ2237",0,0,0,0
"PRJ2238",1,0,0,1
"PRJ2239",6,2,0,4
"PRJ2240",0,0,0,0
"PRJ2241",2,1,0,1
"PRJ2242",2,1,1,0
"PRJ2243",15,2,10,3
"PRJ2244",0,0,0,0
"PRJ2245",0,0,0,0
"PRJ2246",1,0,0,1
"PRJ2247",0,0,0,0
"PRJ2248",0,0,0,0
"PRJ2249",1,0,0,1
"PRJ2250",3,1,1,1
"PRJ2251",3,1,2,0
"PRJ2252",30,9,14,7
"PRJ2253",0,0,0,0
"PRJ2254",0,0,0,0
"PRJ2255",2,0,2,0
"PRJ2256",0,0,0,0
"PRJ2257",0,0,0,0
"PRJ2258",2,1,0,1
"PRJ2259",0,0,0,0
"PRJ2260",4,1,3,0
"PRJ2261",1,0,0,1
"PRJ2262",0,0,0,0
"PRJ2263",1,0,0,1
"PRJ2264",0,0,0,0
"PRJ2265",3,3,0,0
"PRJ2266",3,0,2,1
"PRJ2267",1,1,0,0
"PRJ2268",1,0,0,1
"PRJ2269",3,1,1,1
"PRJ2270",1,0,1,0
"PRJ2271",0,0,0,0
"PRJ2272",2,0,0,2
"PRJ2273",4,1,2,1
"PRJ2274",0,0,0,0
"PRJ2275",5,4,0,1
"PRJ2276",1,0,0,1
"PRJ2277",5,1,2,2
"PRJ2278",0,0,0,0
"PRJ2279",2,0,0,2
"PRJ2280",3,0,2,1
"PRJ2281",0,0,0,0
"PRJ2282",0,0,0,0
"PRJ2283",1,0,1,0
"PRJ2284",5,1,1,3
"PRJ2285",0,0,0,0
"PRJ2286",1,0,0,1
"PRJ2287",3,2,0,1
"PRJ2288",0,0,0,0
"PRJ2289",1,0,1,0
"PRJ2290",2,0,1,1
"PRJ2291",1,1,0,0
"PRJ2292",0,0,0,0
"PRJ2293",6,3,3,0
"PRJ2294",5,1,3,1
"PRJ2295",3,0,2,1
"PRJ2296",0,0,0,0
"PRJ2297",1,0,0,1
"PRJ2298",0,0,0,0
"PRJ2299",3,0,2,1
"PRJ2300",4,2,0,2
"PRJ2301",11,2,4,5
"PRJ2302",3,0,0,3
"PRJ2303",0,0,0,0
"PRJ2304",1,0,0,1
"PRJ2305",6,2,3,1
"PRJ2306",2,0,1,1
"PRJ2307",0,0,0,0
"PRJ2308",6,0,4,2
"PRJ2309",3,2,1,0
"PRJ2310",2,1,0,1
"PRJ2311",0,0,0,0
"PRJ2312",0,0,0,0
"PRJ2313",0,0,0,0
"PRJ2314",2,1,0,1
"PRJ2315",3,2,1,0
"PRJ2316",4,1,2,1
"PRJ2317",0,0,0,0
"PRJ2318",0,0,0,0
"PRJ2319",2,0,0,2
"PRJ2320",3,2,1,0
"PRJ2321",0,0,0,0
"PRJ2322",1,1,0,0
"PRJ2323",2,1,1,0
"PRJ2324",0,0,0,0
"PRJ2325",2,2,0,0
"PRJ2326",4,1,1,2
"PRJ2327",4,0,0,4
"PRJ2328",0,0,0,0
"PRJ2329",2,1,0,1
"PRJ2330",6,5,1,0
"PRJ2331",2,0,0,2
"PRJ2332",3,0,0,3
"PRJ2333",1,0,0,1
"PRJ2334",1,0,0,1
"PRJ2335",0,0,0,0
"PRJ2336",3,1,1,1
"PRJ2337",1,0,0,1
"PRJ2338",4,2,1,1
"PRJ2339",1,0,1,0
"PRJ2340",0,0,0,0
"PRJ2341",0,0,0,0
"PRJ2342",0,0,0,0
"PRJ2343",5,5,0,0
"PRJ2344",2,2,0,0
"PRJ2345",3,0,0,3
"PRJ2346",1,0,0,1
"PRJ2347",1,0,0,1
"PRJ2348",0,0,0,0
"PRJ2349",22,2,20,0
"PRJ2350",2,0,2,0
"PRJ2351",0,0,0,0
"PRJ2352",3,1,1,1
"PRJ2353",0,0,0,0
"PRJ2354",0,0,0,0
"PRJ2355",2,2,0,0
"PRJ2356",5,0,2,3
"PRJ2357",0,0,0,0
"PRJ2358",10,3,1,6
"PRJ2359",0,0,0,0
"PRJ2360",0,0,0,0
"PRJ2361",6,3,1,2
"PRJ2362",2,0,1,1
"PRJ2363",0,0,0,0
"PRJ2364",1,1,0,0
"PRJ2365",0,0,0,0
"PRJ2366",1,0,1,0
"PRJ2367",2,0,0,2
"PRJ2368",1,0,0,1
"PRJ2369",14,3,2,9
"PRJ2370",0,0,0,0
"PRJ2371",5,1,2,2
"PRJ2372",7,1,3,3
"PRJ2373",9,0,5,4
"PRJ2374",0,0,0,0
"PRJ2375",1,0,0,1
"PRJ2376",0,0,0,0
"PRJ2377",1,0,0,1
"PRJ2378",7,7,0,0
"PRJ2379",2,0,0,2
"PRJ2380",2,1,1,0
"PRJ2381",0,0,0,0
"PRJ2382",0,0,0,0
"PRJ2383",1,1,0,0
"PRJ2384",0,0,0,0
"PRJ2385",6,2,2,2
"PRJ2386",1,1,0,0
"PRJ2387",5,1,0,4
"PRJ2388",8,1,5,2
"PRJ2389",4,1,2,1
"PRJ2390",0,0,0,0
"PRJ2391",47,11,28,8
"PRJ2392",6,1,3,2
"PRJ2393",6,2,4,0
"PRJ2394",1,0,0,1
"PRJ2395",4,0,3,1
"PRJ2396",7,2,3,2
"PRJ2397",5,0,5,0
"PRJ2398",5,3,2,0
"PRJ2399",1,0,0,1
"PRJ2400",1,1,0,0
"PRJ2401",7,1,1,5
"PRJ2402",2,2,0,0
"PRJ2403",3,2,0,1
"PRJ2404",3,3,0,0
"PRJ2405",0,0,0,0
"PRJ2406",2,0,1,1
"PRJ2407",1,0,0,1
"PRJ2408",15,0,6,9
"PRJ2409",2,0,0,2
"PRJ2410",1,1,0,0
"PRJ2411",1,0,1,0
"PRJ2412",10,2,5,3
"PRJ2413",1,0,1,0
"PRJ2414",2,1,0,1
"PRJ2415",7,1,2,4
"PRJ2416",0,0,0,0
"PRJ2417",1,1,0,0
"PRJ2418",1,0,1,0
"PRJ2419",1,0,1,0
"PRJ2420",3,0,0,3
"PRJ2421",6,4,2,0
"PRJ2422",1,0,0,1
"PRJ2423",0,0,0,0
"PRJ2424",1,0,0,1
"PRJ2425",0,0,0,0
"PRJ2426",0,0,0,0
"PRJ2427",0,0,0,0
"PRJ2428",0,0,0,0
"PRJ2429",3,1,2,0
"PRJ2430",0,0,0,0
"PRJ2431",0,0,0,0
"PRJ2432",1,0,1,0
"PRJ2433",4,2,0,2
"PRJ2434",0,0,0,0
"PRJ2435",0,0,0,0
"PRJ2436",1,0,1,0
"PRJ2437",0,0,0,0
"PRJ2438",2,1,1,0
"PRJ2439",0,0,0,0
"PRJ2440",0,0,0,0
"PRJ2441",1,1,0,0
"PRJ2442",1,0,0,1
"PRJ2443",4,2,2,0
"PRJ2444",0,0,0,0
"PRJ2445",12,2,4,6
"PRJ2446",4,3,0,1
"PRJ2447",0,0,0,0
"PRJ2448",1,0,1,0
"PRJ2449",2,0,0,2
"PRJ2450",3,0,2,1
"PRJ2451",3,0,1,2
"PRJ2452",18,12,4,2
"PRJ2453",1,0,0,1
"PRJ2454",0,0,0,0
"PRJ2455",0,0,0,0
"PRJ2456",2,0,0,2
"PRJ2457",0,0,0,0
"PRJ2458",0,0,0,0
"PRJ2459",3,0,2,1
"PRJ2460",1,0,0,1
"PRJ2461",4,1,3,0
"PRJ2462",0,0,0,0
"PRJ2463",6,4,1,1
"PRJ2464",0,0,0,0
"PRJ2465",0,0,0,0
"PRJ2466",2,0,0,2
"PRJ2467",6,3,1,2
"PRJ2468",1,1,0,0
"PRJ2469",2,1,1,0
"PRJ2470",2,0,1,1
"PRJ2471",2,2,0,0
"PRJ2472",7,6,0,1
"PRJ2473",32,19,9,4
"PRJ2474",0,0,0,0
"PRJ2475",5,2,3,0
"PRJ2476",1,0,0,1
"PRJ2477",28,8,17,3
"PRJ2478",3,0,1,2
"PRJ2479",14,4,4,6
"PRJ2480",4,0,2,2
"PRJ2481",2,0,1,1
"PRJ2482",0,0,0,0
"PRJ2483",5,4,1,0
"PRJ2484",3,1,2,0
"PRJ2485",14,6,1,7
"PRJ2486",1,0,1,0
"PRJ2487",0,0,0,0
"PRJ2488",0,0,0,0
"PRJ2489",15,2,8,5
"PRJ2490",19,6,7,6
"PRJ2491",3,0,1,2
"PRJ2492",21,0,0,21
"PRJ2493",0,0,0,0
"PRJ2494",6,3,3,0
"PRJ2495",1,0,0,1
"PRJ2496",0,0,0,0
"PRJ2497",4,0,2,2
"PRJ2498",3,1,1,1
"PRJ2499",24,6,9,9
"PRJ2500",7,1,2,4
"PRJ2501",0,0,0,0
"PRJ2502",1,1,0,0
"PRJ2503",0,0,0,0
"PRJ2504",1,0,0,1
"PRJ2505",5,1,3,1
"PRJ2506",0,0,0,0
"PRJ2507",0,0,0,0
"PRJ2508",0,0,0,0
"PRJ2509",0,0,0,0
"PRJ2510",2,0,1,1
"PRJ2511",1,0,0,1
"PRJ2512",3,1,1,1
"PRJ2513",5,0,0,5
"PRJ2514",0,0,0,0
"PRJ2515",4,3,1,0
"PRJ2516",1,0,0,1
"PRJ2517",0,0,0,0
"PRJ2518",0,0,0,0
"PRJ2519",0,0,0,0
"PRJ2520",3,0,1,2
"PRJ2521",6,0,1,5
"PRJ2522",1,0,1,0
"PRJ2523",2,0,1,1
"PRJ2524",16,0,7,9
"PRJ2525",2,0,2,0
"PRJ2526",0,0,0,0
"PRJ2527",1,1,0,0
"PRJ2528",14,8,6,0
"PRJ2529",7,4,1,2
"PRJ2530",1,1,0,0
"PRJ2531",0,0,0,0
"PRJ2532",3,0,0,3
"PRJ2533",12,1,5,6
"PRJ2534",8,5,1,2
"PRJ2535",0,0,0,0
"PRJ2536",2,0,1,1
"PRJ2537",3,1,1,1
"PRJ2538",5,1,3,1
"PRJ2539",13,0,10,3
"PRJ2540",6,1,5,0
"PRJ2541",10,3,2,5
"PRJ2542",1,0,0,1
"PRJ2543",0,0,0,0
"PRJ2544",0,0,0,0
"PRJ2545",9,7,1,1
"PRJ2546",2,0,0,2
"PRJ2547",0,0,0,0
"PRJ2548",0,0,0,0
"PRJ2549",0,0,0,0
"PRJ2550",0,0,0,0
"PRJ2551",0,0,0,0
"PRJ2552",0,0,0,0
"PRJ2553",7,0,6,1
"PRJ2554",0,0,0,0
"PRJ2555",0,0,0,0
"PRJ2556",2,0,2,0
"PRJ2557",0,0,0,0
"PRJ2558",1,0,1,0
"PRJ2559",0,0,0,0
"PRJ2560",0,0,0,0
"PRJ2561",0,0,0,0
"PRJ2562",1,1,0,0
"PRJ2563",2,0,0,2
"PRJ2564",0,0,0,0
"PRJ2565",2,1,0,1
"PRJ2566",0,0,0,0
"PRJ2567",2,0,2,0
"PRJ2568",0,0,0,0
"PRJ2569",0,0,0,0
"PRJ2570",0,0,0,0
"PRJ2571",7,0,4,3
"PRJ2572",1,0,0,1
"PRJ2573",0,0,0,0
"PRJ2574",0,0,0,0
"PRJ2575",6,1,2,3
"PRJ2576",0,0,0,0
"PRJ2577",3,0,1,2
"PRJ2578",4,2,1,1
"PRJ2579",0,0,0,0
"PRJ2580",0,0,0,0
"PRJ2581",2,0,1,1
"PRJ2582",1,0,0,1
"PRJ2583",0,0,0,0
"PRJ2584",0,0,0,0
"PRJ2585",0,0,0,0
"PRJ2586",2,0,1,1
"PRJ2587",2,0,0,2
"PRJ2588",4,4,0,0
"PRJ2589",4,3,0,1
"PRJ2590",5,0,1,4
"PRJ2591",2,1,0,1
"PRJ2592",2,1,1,0
"PRJ2593",2,0,0,2
"PRJ2594",48,22,17,9
"PRJ2595",14,3,2,9
"PRJ2596",0,0,0,0
"PRJ2597",0,0,0,0
"PRJ2598",9,0,5,4
"PRJ2599",1,0,0,1
"PRJ2600",0,0,0,0
"PRJ2601",4,2,2,0
"PRJ2602",0,0,0,0
"PRJ2603",1,0,0,1
"PRJ2604",0,0,0,0
"PRJ2605",3,0,1,2
"PRJ2606",0,0,0,0
"PRJ2607",1,0,1,0
"PRJ2608",0,0,0,0
"PRJ2609",0,0,0,0
"PRJ2610",1,0,0,1
"PRJ2611",3,0,1,2
"PRJ2612",3,1,1,1
"PRJ2613",1,1,0,0
"PRJ2614",0,0,0,0
"PRJ2615",1,0,0,1
"PRJ2616",3,0,1,2
"PRJ2617",0,0,0,0
"PRJ2618",0,0,0,0
"PRJ2619",0,0,0,0
"PRJ2620",4,0,0,4
"PRJ2621",3,0,3,0
"PRJ2622",1,0,1,0
"PRJ2623",7,0,7,0
"PRJ2624",8,4,3,1
"PRJ2625",3,0,1,2
"PRJ2626",10,5,5,0
"PRJ2627",0,0,0,0
"PRJ2628",0,0,0,0
"PRJ2629",19,8,6,5
"PRJ2630",4,0,3,1
"PRJ2631",5,5,0,0
"PRJ2632",4,3,0,1
"PRJ2633",1,0,0,1
"PRJ2634",5,1,2,2
"PRJ2635",0,0,0,0
"PRJ2636",0,0,0,0
"PRJ2637",0,0,0,0
"PRJ2638",1,1,0,0
"PRJ2639",5,4,1,0
"PRJ2640",0,0,0,0
"PRJ2641",0,0,0,0
"PRJ2642",0,0,0,0
"PRJ2643",0,0,0,0
"PRJ2644",2,0,1,1
"PRJ2645",0,0,0,0
"PRJ2646",3,0,0,3
"PRJ2647",0,0,0,0
"PRJ2648",0,0,0,0
"PRJ2649",1,0,1,0
"PRJ2650",0,0,0,0
"PRJ2651",1,0,1,0
"PRJ2652",0,0,0,0
"PRJ2653",0,0,0,0
"PRJ2654",3,2,1,0
"PRJ2655",5,2,0,3
"PRJ2656",1,1,0,0
"PRJ2657",1,0,1,0
"PRJ2658",0,0,0,0
"PRJ2659",20,5,9,6
"PRJ2660",1,0,1,0
"PRJ2661",2,0,0,2
"PRJ2662",1,0,1,0
"PRJ2663",2,2,0,0
"PRJ2664",2,1,1,0
"PRJ2665",2,0,0,2
"PRJ2666",0,0,0,0
"PRJ2667",6,0,5,1
"PRJ2668",1,0,1,0
"PRJ2669",0,0,0,0
"PRJ2670",0,0,0,0
"PRJ2671",0,0,0,0
"PRJ2672",3,1,1,1
"PRJ2673",6,1,0,5
"PRJ2674",1,0,1,0
"PRJ2675",2,0,1,1
"PRJ2676",5,3,0,2
"PRJ2677",7,1,3,3
"PRJ2678",2,0,2,0
"PRJ2679",0,0,0,0
"PRJ2680",6,0,3,3
"PRJ2681",0,0,0,0
"PRJ2682",1,0,0,1
"PRJ2683",0,0,0,0
"PRJ2684",0,0,0,0
"PRJ2685",1,0,1,0
"PRJ2686",7,1,1,5
"PRJ2687",4,0,0,4
"PRJ2688",1,0,0,1
"PRJ2689",3,0,2,1
"PRJ2690",1,0,1,0
"PRJ2691",1,0,0,1
"PRJ2692",0,0,0,0
"PRJ2693",2,1,0,1
"PRJ2694",5,3,0,2
"PRJ2695",1,0,0,1
"PRJ2696",0,0,0,0
"PRJ2697",0,0,0,0
"PRJ2698",4,0,1,3
"PRJ2699",1,1,0,0
"PRJ2700",7,3,3,1
"PRJ2701",1,0,1,0
"PRJ2702",1,0,1,0
"PRJ2703",0,0,0,0
"PRJ2704",0,0,0,0
"PRJ2705",17,3,6,8
"PRJ2706",2,0,2,0
"PRJ2707",0,0,0,0
"PRJ2708",0,0,0,0
"PRJ2709",0,0,0,0
"PRJ2710",5,0,2,3
"PRJ2711",10,2,3,5
"PRJ2712",2,0,1,1
"PRJ2713",3,1,0,2
"PRJ2714",0,0,0,0
"PRJ2715",0,0,0,0
"PRJ2716",2,1,0,1
"PRJ2717",0,0,0,0
"PRJ2718",0,0,0,0
"PRJ2719",2,0,0,2
"PRJ2720",1,0,0,1
"PRJ2721",0,0,0,0
"PRJ2722",4,1,0,3
"PRJ2723",2,0,1,1
"PRJ2724",0,0,0,0
"PRJ2725",0,0,0,0
"PRJ2726",1,0,1,0
"PRJ2727",1,1,0,0
"PRJ2728",2,0,0,2
"PRJ2729",0,0,0,0
"PRJ2730",0,0,0,0
"PRJ2731",0,0,0,0
"PRJ2732",2,1,0,1
"PRJ2733",6,1,1,4
"PRJ2734",20,14,6,0
"PRJ2735",0,0,0,0
"PRJ2736",1,0,1,0
"PRJ2737",0,0,0,0
"PRJ2738",0,0,0,0
"PRJ2739",0,0,0,0
"PRJ2740",5,0,1,4
"PRJ2741",0,0,0,0
"PRJ2742",0,0,0,0
"PRJ2743",0,0,0,0
"PRJ2744",0,0,0,0
"PRJ2745",1,0,1,0
"PRJ2746",0,0,0,0
"PRJ2747",9,4,3,2
"PRJ2748",0,0,0,0
"PRJ2749",1,0,0,1
"PRJ2750",0,0,0,0
"PRJ2751",7,4,1,2
"PRJ2752",4,0,1,3
"PRJ2753",2,1,1,0
"PRJ2754",0,0,0,0
"PRJ2755",0,0,0,0
"PRJ2756",2,2,0,0
"PRJ2757",1,0,0,1
"PRJ2758",1,0,0,1
"PRJ2759",2,2,0,0
"PRJ2760",1,1,0,0
"PRJ2761",1,0,1,0
"PRJ2762",12,0,2,10
"PRJ2763",3,1,2,0
"PRJ2764",4,1,1,2
"PRJ2765",1,0,1,0
"PRJ2766",6,1,3,2
"PRJ2767",4,2,1,1
"PRJ2768",2,2,0,0
"PRJ2769",0,0,0,0
"PRJ2770",8,4,2,2
"PRJ2771",3,0,0,3
"PRJ2772",0,0,0,0
"PRJ2773",2,1,1,0
"PRJ2774",0,0,0,0
"PRJ2775",5,0,4,1
"PRJ2776",7,5,0,2
"PRJ2777",4,2,1,1
"PRJ2778",2,0,1,1
"PRJ2779",4,2,1,1
"PRJ2780",0,0,0,0
"PRJ2781",0,0,0,0
"PRJ2782",0,0,0,0
"PRJ2783",0,0,0,0
"PRJ2784",1,0,0,1
"PRJ2785",1,0,0,1
"PRJ2786",0,0,0,0
"PRJ2787",0,0,0,0
"PRJ2788",0,0,0,0
"PRJ2789",1,0,0,1
"PRJ2790",22,3,8,11
"PRJ2791",1,0,1,0
"PRJ2792",1,0,0,1
"PRJ2793",0,0,0,0
"PRJ2794",2,0,2,0
"PRJ2795",2,0,1,1
"PRJ2796",6,5,1,0
"PRJ2797",1,0,0,1
"PRJ2798",0,0,0,0
"PRJ2799",1,1,0,0
"PRJ2800",0,0,0,0
"PRJ2801",0,0,0,0
"PRJ2802",2,0,1,1
"PRJ2803",0,0,0,0
"PRJ2804",0,0,0,0
"PRJ2805",14,4,7,3
"PRJ2806",4,0,4,0
"PRJ2807",1,0,0,1
"PRJ2808",6,0,2,4
"PRJ2809",0,0,0,0
"PRJ2810",1,0,0,1
"PRJ2811",11,2,6,3
"PRJ2812",3,1,0,2
"PRJ2813",6,4,0,2
"PRJ2814",1,0,1,0
"PRJ2815",0,0,0,0
"PRJ2816",5,1,2,2
"PRJ2817",5,0,2,3
"PRJ2818",1,0,1,0
"PRJ2819",0,0,0,0
"PRJ2820",1,0,0,1
"PRJ2821",1,0,0,1
"PRJ2822",0,0,0,0
"PRJ2823",0,0,0,0
"PRJ2824",1,0,1,0
"PRJ2825",16,13,3,0
"PRJ2826",7,6,0,1
"PRJ2827",8,2,6,0
"PRJ2828",0,0,0,0
"PRJ2829",3,0,2,1
"PRJ2830",10,1,5,4
"PRJ2831",1,0,0,1
"PRJ2832",0,0,0,0
"PRJ2833",4,3,1,0
"PRJ2834",0,0,0,0
"PRJ2835",2,0,0,2
"PRJ2836",18,12,6,0
"PRJ2837",2,2,0,0
"PRJ2838",1,0,0,1
"PRJ2839",5,0,1,4
"PRJ2840",49,19,16,14
"PRJ2841",10,4,2,4
"PRJ2842",15,4,3,8
"PRJ2843",0,0,0,0
"PRJ2844",0,0,0,0
"PRJ2845",0,0,0,0
"PRJ2846",8,4,0,4
"PRJ2847",3,0,3,0
"PRJ2848",8,3,2,3
"PRJ2849",7,0,3,4
"PRJ2850",0,0,0,0
"PRJ2851",3,0,1,2
"PRJ2852",0,0,0,0
"PRJ2853",3,0,1,2
"PRJ2854",0,0,0,0
"PRJ2855",1,0,0,1
"PRJ2856",4,1,0,3
"PRJ2857",2,1,1,0
"PRJ2858",12,4,6,2
"PRJ2859",6,1,2,3
"PRJ2860",0,0,0,0
"PRJ2861",5,1,1,3
"PRJ2862",4,0,1,3
"PRJ2863",2,0,2,0
"PRJ2864",1,0,1,0
"PRJ2865",3,0,0,3
"PRJ2866",0,0,0,0
"PRJ2867",0,0,0,0
"PRJ2868",0,0,0,0
"PRJ2869",9,2,2,5
"PRJ2870",0,0,0,0
"PRJ2871",3,1,0,2
"PRJ2872",0,0,0,0
"PRJ2873",1,0,1,0
"PRJ2874",4,0,1,3
"PRJ2875",0,0,0,0
"PRJ2876",0,0,0,0
"PRJ2877",0,0,0,0
"PRJ2878",5,0,1,4
"PRJ2879",1,0,0,1
"PRJ2880",0,0,0,0
"PRJ2881",0,0,0,0
"PRJ2882",0,0,0,0
"PRJ2883",0,0,0,0
"PRJ2884",0,0,0,0
"PRJ2885",0,0,0,0
"PRJ2886",2,2,0,0
"PRJ2887",0,0,0,0
"PRJ2888",0,0,0,0
"PRJ2889",0,0,0,0
"PRJ2890",0,0,0,0
"PRJ2891",0,0,0,0
"PRJ2892",2,0,0,2
"PRJ2893",2,0,2,0
"PRJ2894",0,0,0,0
"PRJ2895",0,0,0,0
"PRJ2896",1,1,0,0
"PRJ2897",2,1,0,1
"PRJ2898",0,0,0,0
"PRJ2899",1,1,0,0
"PRJ2900",3,0,0,3
"PRJ2901",3,1,1,1
"PRJ2902",1,0,1,0
"PRJ2903",20,7,13,0
"PRJ2904",2,0,0,2
"PRJ2905",1,0,0,1
"PRJ2906",1,0,0,1
"PRJ2907",0,0,0,0
"PRJ2908",1,0,0,1
"PRJ2909",0,0,0,0
"PRJ2910",2,0,1,1
"PRJ2911",0,0,0,0
"PRJ2912",5,0,4,1
"PRJ2913",0,0,0,0
"PRJ2914",1,1,0,0
"PRJ2915",1,1,0,0
"PRJ2916",1,1,0,0
"PRJ2917",1,0,0,1
"PRJ2918",8,3,2,3
"PRJ2919",0,0,0,0
"PRJ2920",1,0,0,1
"PRJ2921",1,1,0,0
"PRJ2922",0,0,0,0
"PRJ2923",0,0,0,0
"PRJ2924",1,0,0,1
"PRJ2925",2,1,0,1
"PRJ2926",4,3,0,1
"PRJ2927",7,0,2,5
"PRJ2928",3,0,1,2
"PRJ2929",0,0,0,0
"PRJ2930",5,0,1,4
"PRJ2931",0,0,0,0
"PRJ2932",0,0,0,0
"PRJ2933",3,1,1,1
"PRJ2934",8,0,3,5
"PRJ2935",0,0,0,0
"PRJ2936",6,2,0,4
"PRJ2937",7,0,1,6
"PRJ2938",1,0,0,1
"PRJ2939",3,2,0,1
"PRJ2940",0,0,0,0
"PRJ2941",1,0,1,0
"PRJ2942",6,0,5,1
"PRJ2943",4,0,2,2
"PRJ2944",0,0,0,0
"PRJ2945",0,0,0,0
"PRJ2946",1,0,0,1
"PRJ2947",2,1,0,1
"PRJ2948",2,0,0,2
"PRJ2949",0,0,0,0
"PRJ2950",1,1,0,0
"PRJ2951",1,0,1,0
"PRJ2952",1,0,0,1
"PRJ2953",1,0,0,1
"PRJ2954",2,2,0,0
"PRJ2955",1,0,0,1
"PRJ2956",0,0,0,0
"PRJ2957",1,1,0,0
"PRJ2958",1,0,1,0
"PRJ2959",1,0,1,0
"PRJ2960",2,0,2,0
"PRJ2961",2,0,0,2
"PRJ2962",0,0,0,0
"PRJ2963",2,0,2,0
"PRJ2964",1,0,0,1
"PRJ2965",0,0,0,0
"PRJ2966",4,2,2,0
"PRJ2967",4,0,4,0
"PRJ2968",2,0,0,2
"PRJ2969",6,0,5,1
"PRJ2970",16,2,7,7
"PRJ2971",0,0,0,0
"PRJ2972",0,0,0,0
"PRJ2973",1,0,1,0
"PRJ2974",2,1,0,1
"PRJ2975",1,0,0,1
"PRJ2976",0,0,0,0
"PRJ2977",0,0,0,0
"PRJ2978",11,3,1,7
"PRJ2979",0,0,0,0
"PRJ2980",0,0,0,0
"PRJ2981",0,0,0,0
"PRJ2982",0,0,0,0
"PRJ2983",0,0,0,0
"PRJ2984",1,0,0,1
"PRJ2985",1,0,0,1
"PRJ2986",0,0,0,0
"PRJ2987",0,0,0,0
"PRJ2988",2,2,0,0
"PRJ2989",0,0,0,0
"PRJ2990",28,6,15,7
"PRJ2991",3,0,2,1
"PRJ2992",4,1,1,2
"PRJ2993",2,1,1,0
"PRJ2994",0,0,0,0
"PRJ2995",0,0,0,0
"PRJ2996",4,1,1,2
"PRJ2997",0,0,0,0
"PRJ2998",3,0,1,2
"PRJ2999",0,0,0,0
"PRJ3000",0,0,0,0
"PRJ3001",0,0,0,0
"PRJ3002",0,0,0,0
"PRJ3003",9,1,0,8
"PRJ3004",0,0,0,0
"PRJ3005",1,0,1,0
"PRJ3006",4,2,2,0
"PRJ3007",6,0,2,4
"PRJ3008",3,0,1,2
"PRJ3009",0,0,0,0
"PRJ3010",0,0,0,0
"PRJ3011",0,0,0,0
"PRJ3012",1,0,1,0
"PRJ3013",0,0,0,0
"PRJ3014",1,0,1,0
"PRJ3015",0,0,0,0
"PRJ3016",0,0,0,0
"PRJ3017",0,0,0,0
"PRJ3018",4,3,0,1
"PRJ3019",0,0,0,0
"PRJ3020",4,0,3,1
"PRJ3021",0,0,0,0
"PRJ3022",0,0,0,0
"PRJ3023",0,0,0,0
"PRJ3024",0,0,0,0
"PRJ3025",1,0,1,0
"PRJ3026",0,0,0,0
"PRJ3027",21,8,10,3
"PRJ3028",1,1,0,0
"PRJ3029",1,0,0,1
"PRJ3030",2,0,0,2
"PRJ3031",0,0,0,0
"PRJ3032",3,0,1,2
"PRJ3033",0,0,0,0
"PRJ3034",6,0,3,3
"PRJ3035",0,0,0,0
"PRJ3036",0,0,0,0
"PRJ3037",0,0,0,0
"PRJ3038",0,0,0,0
"PRJ3039",6,3,3,0
"PRJ3040",9,1,1,7
"PRJ3041",2,1,0,1
"PRJ3042",2,0,1,1
"PRJ3043",1,0,1,0
"PRJ3044",2,2,0,0
"PRJ3045",0,0,0,0
"PRJ3046",1,0,0,1
"PRJ3047",0,0,0,0
"PRJ3048",2,0,0,2
"PRJ3049",1,0,1,0
"PRJ3050",0,0,0,0
"PRJ3051",5,1,0,4
"PRJ3052",0,0,0,0
"PRJ3053",1,0,0,1
"PRJ3054",0,0,0,0
"PRJ3055",1,0,0,1
"PRJ3056",0,0,0,0
"PRJ3057",0,0,0,0
"PRJ3058",0,0,0,0
"PRJ3059",1,0,0,1
"PRJ3060",12,5,5,2
"PRJ3061",0,0,0,0
"PRJ3062",1,0,0,1
"PRJ3063",2,1,1,0
"PRJ3064",4,0,1,3
"PRJ3065",2,0,0,2
"PRJ3066",1,0,0,1
"PRJ3067",1,0,0,1
"PRJ3068",0,0,0,0
"PRJ3069",5,0,5,0
"PRJ3070",8,2,0,6
"PRJ3071",0,0,0,0
"PRJ3072",0,0,0,0
"PRJ3073",0,0,0,0
"PRJ3074",1,0,0,1
"PRJ3075",0,0,0,0
"PRJ3076",1,0,0,1
"PRJ3077",0,0,0,0
"PRJ3078",0,0,0,0
"PRJ3079",2,1,0,1
"PRJ3080",2,2,0,0
"PRJ3081",0,0,0,0
"PRJ3082",1,0,1,0
"PRJ3083",0,0,0,0
"PRJ3084",1,0,0,1
"PRJ3085",9,0,2,7
"PRJ3086",1,0,0,1
"PRJ3087",3,0,1,2
"PRJ3088",2,0,2,0
"PRJ3089",11,5,2,4
"PRJ3090",0,0,0,0
"PRJ3091",0,0,0,0
"PRJ3092",2,0,2,0
"PRJ3093",1,0,0,1
"PRJ3094",0,0,0,0
"PRJ3095",125,47,52,26
"PRJ3096",0,0,0,0
"PRJ3097",7,2,3,2
"PRJ3098",2,1,0,1
"PRJ3099",1,1,0,0
"PRJ3100",5,1,1,3
"PRJ3101",11,8,2,1
"PRJ3102",0,0,0,0
"PRJ3103",0,0,0,0
"PRJ3104",0,0,0,0
"PRJ3105",0,0,0,0
"PRJ3106",3,1,2,0
"PRJ3107",1,0,0,1
"PRJ3108",11,5,5,1
"PRJ3109",9,5,3,1
"PRJ3110",0,0,0,0
"PRJ3111",0,0,0,0
"PRJ3112",1,0,0,1
"PRJ3113",1,0,0,1
"PRJ3114",0,0,0,0
"PRJ3115",0,0,0,0
"PRJ3116",0,0,0,0
"PRJ3117",1,0,0,1
"PRJ3118",2,0,0,2
"PRJ3119",0,0,0,0
"PRJ3120",1,1,0,0
"PRJ3121",3,0,2,1
"PRJ3122",0,0,0,0
"PRJ3123",0,0,0,0
"PRJ3124",0,0,0,0
"PRJ3125",1,0,0,1
"PRJ3126",1,0,1,0
"PRJ3127",1,0,0,1
"PRJ3128",0,0,0,0
"PRJ3129",3,0,1,2
"PRJ3130",4,1,2,1
"PRJ3131",1,0,0,1
"PRJ3132",5,4,1,0
"PRJ3133",2,0,2,0
"PRJ3134",1,0,1,0
"PRJ3135",0,0,0,0
"PRJ3136",0,0,0,0
"PRJ3137",2,1,1,0
"PRJ3138",0,0,0,0
"PRJ3139",7,1,4,2
"PRJ3140",1,0,1,0
"PRJ3141",1,0,1,0
"PRJ3142",0,0,0,0
"PRJ3143",5,0,2,3
"PRJ3144",0,0,0,0
"PRJ3145",0,0,0,0
"PRJ3146",2,0,0,2
"PRJ3147",4,1,2,1
"PRJ3148",1,0,0,1
"PRJ3149",0,0,0,0
"PRJ3150",2,0,2,0
"PRJ3151",0,0,0,0
"PRJ3152",0,0,0,0
"PRJ3153",0,0,0,0
"PRJ3154",0,0,0,0
"PRJ3155",0,0,0,0
"PRJ3156",1,1,0,0
"PRJ3157",1,0,0,1
"PRJ3158",1,0,0,1
"PRJ3159",1,0,1,0
"PRJ3160",0,0,0,0
"PRJ3161",0,0,0,0
"PRJ3162",2,2,0,0
"PRJ3163",1,1,0,0
"PRJ3164",2,0,1,1
"PRJ3165",0,0,0,0
"PRJ3166",2,0,2,0
"PRJ3167",4,0,1,3
"PRJ3168",0,0,0,0
"PRJ3169",0,0,0,0
"PRJ3170",1,0,0,1
"PRJ3171",0,0,0,0
"PRJ3172",0,0,0,0
"PRJ3173",2,0,2,0
"PRJ3174",2,0,0,2
"PRJ3175",0,0,0,0
"PRJ3176",3,1,2,0
"PRJ3177",0,0,0,0
"PRJ3178",0,0,0,0
"PRJ3179",1,0,0,1
"PRJ3180",0,0,0,0
"PRJ3181",2,0,1,1
"PRJ3182",3,0,0,3
"PRJ3183",2,1,0,1
"PRJ3184",1,0,0,1
"PRJ3185",0,0,0,0
"PRJ3186",0,0,0,0
"PRJ3187",0,0,0,0
"PRJ3188",0,0,0,0
"PRJ3189",2,0,1,1
"PRJ3190",0,0,0,0
"PRJ3191",5,1,4,0
"PRJ3192",3,2,1,0
"PRJ3193",0,0,0,0
"PRJ3194",0,0,0,0
"PRJ3195",1,1,0,0
"PRJ3196",0,0,0,0
"PRJ3197",0,0,0,0
"PRJ3198",1,0,0,1
"PRJ3199",0,0,0,0
"PRJ3200",0,0,0,0
"PRJ3201",0,0,0,0
"PRJ3202",1,0,0,1
"PRJ3203",0,0,0,0
"PRJ3204",0,0,0,0
"PRJ3205",13,5,8,0
"PRJ3206",0,0,0,0
"PRJ3207",0,0,0,0
"PRJ3208",0,0,0,0
"PRJ3209",0,0,0,0
"PRJ3210",0,0,0,0
"PRJ3211",1,1,0,0
"PRJ3212",2,2,0,0
"PRJ3213",0,0,0,0
"PRJ3214",2,0,0,2
"PRJ3215",0,0,0,0
"PRJ3216",0,0,0,0
"PRJ3217",0,0,0,0
"PRJ3218",1,0,0,1
"PRJ3219",3,0,2,1
"PRJ3220",3,0,2,1
"PRJ3221",1,0,0,1
"PRJ3222",1,0,0,1
"PRJ3223",2,0,1,1
"PRJ3224",2,2,0,0
"PRJ3225",12,3,6,3
"PRJ3226",0,0,0,0
"PRJ3227",0,0,0,0
"PRJ3228",1,0,1,0
"PRJ3229",2,0,1,1
"PRJ3230",0,0,0,0
"PRJ3231",0,0,0,0
"PRJ3232",2,1,0,1
"PRJ3233",0,0,0,0
"PRJ3234",0,0,0,0
"PRJ3235",0,0,0,0
"PRJ3236",0,0,0,0
"PRJ3237",0,0,0,0
"PRJ3238",6,4,2,0
"PRJ3239",0,0,0,0
"PRJ3240",9,0,9,0
"PRJ3241",0,0,0,0
"PRJ3242",29,7,15,7
"PRJ3243",0,0,0,0
"PRJ3244",3,0,0,3
"PRJ3245",1,0,0,1
"PRJ3246",3,2,0,1
"PRJ3247",3,1,0,2
"PRJ3248",0,0,0,0
"PRJ3249",0,0,0,0
"PRJ3250",1,0,0,1
"PRJ3251",0,0,0,0
"PRJ3252",0,0,0,0
"PRJ3253",1,0,1,0
"PRJ3254",1,0,1,0
"PRJ3255",0,0,0,0
"PRJ3256",0,0,0,0
"PRJ3257",0,0,0,0
"PRJ3258",6,1,1,4
"PRJ3259",0,0,0,0
"PRJ3260",2,2,0,0
"PRJ3261",0,0,0,0
"PRJ3262",1,0,1,0
"PRJ3263",0,0,0,0
"PRJ3264",2,2,0,0
"PRJ3265",1,0,0,1
"PRJ3266",0,0,0,0
"PRJ3267",0,0,0,0
"PRJ3268",0,0,0,0
"PRJ3269",5,4,0,1
"PRJ3270",0,0,0,0
"PRJ3271",0,0,0,0
"PRJ3272",0,0,0,0
"PRJ3273",0,0,0,0
"PRJ3274",0,0,0,0
"PRJ3275",0,0,0,0
"PRJ3276",6,0,2,4
"PRJ3277",4,0,0,4
"PRJ3278",0,0,0,0
"PRJ3279",0,0,0,0
"PRJ3280",1,0,0,1
"PRJ3281",18,7,3,8
"PRJ3282",6,2,2,2
"PRJ3283",0,0,0,0
"PRJ3284",0,0,0,0
"PRJ3285",1,0,1,0
"PRJ3286",0,0,0,0
"PRJ3287",0,0,0,0
"PRJ3288",0,0,0,0
"PRJ3289",2,0,2,0
"PRJ3290",0,0,0,0
"PRJ3291",0,0,0,0
"PRJ3292",5,3,0,2
"PRJ3293",0,0,0,0
"PRJ3294",3,2,0,1
"PRJ3295",0,0,0,0
"PRJ3296",3,0,2,1
"PRJ3297",0,0,0,0
"PRJ3298",3,0,3,0
"PRJ3299",0,0,0,0
"PRJ3300",0,0,0,0
"PRJ3301",0,0,0,0
"PRJ3302",0,0,0,0
"PRJ3303",1,0,0,1
"PRJ3304",1,0,0,1
"PRJ3305",0,0,0,0
"PRJ3306",0,0,0,0
"PRJ3307",2,1,1,0
"PRJ3308",0,0,0,0
"PRJ3309",2,1,0,1
"PRJ3310",0,0,0,0
"PRJ3311",4,0,3,1
"PRJ3312",31,6,6,19
"PRJ3313",3,1,2,0
"PRJ3314",2,0,1,1
"PRJ3315",0,0,0,0
"PRJ3316",1,1,0,0
"PRJ3317",1,1,0,0
"PRJ3318",1,0,0,1
"PRJ3319",1,0,0,1
"PRJ3320",0,0,0,0
"PRJ3321",0,0,0,0
"PRJ3322",0,0,0,0
"PRJ3323",1,0,0,1
"PRJ3324",1,0,1,0
"PRJ3325",0,0,0,0
"PRJ3326",0,0,0,0
"PRJ3327",0,0,0,0
"PRJ3328",0,0,0,0
"PRJ3329",1,0,1,0
"PRJ3330",4,1,3,0
"PRJ3331",0,0,0,0
"PRJ3332",0,0,0,0
"PRJ3333",3,1,1,1
"PRJ3334",0,0,0,0
"PRJ3335",0,0,0,0
"PRJ3336",3,0,3,0
"PRJ3337",1,0,1,0
"PRJ3338",0,0,0,0
"PRJ3339",1,0,0,1
"PRJ3340",6,0,1,5
"PRJ3341",0,0,0,0
"PRJ3342",0,0,0,0
"PRJ3343",0,0,0,0
"PRJ3344",0,0,0,0
"PRJ3345",6,4,2,0
"PRJ3346",0,0,0,0
"PRJ3347",0,0,0,0
"PRJ3348",2,0,0,2
"PRJ3349",3,1,0,2
"PRJ3350",2,0,0,2
"PRJ3351",1,1,0,0
"PRJ3352",0,0,0,0
"PRJ3353",0,0,0,0
"PRJ3354",1,0,1,0
"PRJ3355",13,13,0,0
"PRJ3356",0,0,0,0
"PRJ3357",0,0,0,0
"PRJ3358",0,0,0,0
"PRJ3359",1,0,0,1
"PRJ3360",0,0,0,0
"PRJ3361",0,0,0,0
"PRJ3362",0,0,0,0
"PRJ3363",5,1,4,0
"PRJ3364",1,0,0,1
"PRJ3365",0,0,0,0
"PRJ3366",1,0,0,1
"PRJ3367",1,0,0,1
"PRJ3368",1,1,0,0
"PRJ3369",0,0,0,0
"PRJ3370",2,0,0,2
"PRJ3371",0,0,0,0
"PRJ3372",0,0,0,0
"PRJ3373",0,0,0,0
"PRJ3374",4,2,2,0
"PRJ3375",0,0,0,0
"PRJ3376",0,0,0,0
"PRJ3377",0,0,0,0
"PRJ3378",7,1,4,2
"PRJ3379",0,0,0,0
"PRJ3380",0,0,0,0
"PRJ3381",0,0,0,0
"PRJ3382",3,0,0,3
"PRJ3383",0,0,0,0
"PRJ3384",2,0,1,1
"PRJ3385",7,3,3,1
"PRJ3386",4,4,0,0
"PRJ3387",0,0,0,0
"PRJ3388",1,0,0,1
"PRJ3389",0,0,0,0
"PRJ3390",0,0,0,0
"PRJ3391",0,0,0,0
"PRJ3392",0,0,0,0
"PRJ3393",0,0,0,0
"PRJ3394",0,0,0,0
"PRJ3395",2,0,1,1
"PRJ3396",0,0,0,0
"PRJ3397",0,0,0,0
"PRJ3398",2,0,0,2
"PRJ3399",2,0,0,2
"PRJ3400",6,3,1,2
"PRJ3401",0,0,0,0
"PRJ3402",0,0,0,0
"PRJ3403",0,0,0,0
"PRJ3404",3,1,0,2
"PRJ3405",51,27,22,2
"PRJ3406",0,0,0,0
"PRJ3407",0,0,0,0
"PRJ3408",0,0,0,0
"PRJ3409",0,0,0,0
"PRJ3410",1,1,0,0
"PRJ3411",0,0,0,0
"PRJ3412",0,0,0,0
"PRJ3413",0,0,0,0
"PRJ3414",0,0,0,0
"PRJ3415",0,0,0,0
"PRJ3416",0,0,0,0
"PRJ3417",0,0,0,0
"PRJ3418",1,0,1,0
"PRJ3419",0,0,0,0
"PRJ3420",6,2,4,0
"PRJ3421",0,0,0,0
"PRJ3422",0,0,0,0
"PRJ3423",0,0,0,0
"PRJ3424",0,0,0,0
"PRJ3425",0,0,0,0
"PRJ3426",0,0,0,0
"PRJ3427",0,0,0,0
"PRJ3428",0,0,0,0
"PRJ3429",0,0,0,0
"PRJ3430",0,0,0,0
"PRJ3431",0,0,0,0
"PRJ3432",2,0,1,1
"PRJ3433",0,0,0,0
"PRJ3434",0,0,0,0
"PRJ3435",1,0,1,0
"PRJ3436",0,0,0,0
"PRJ3437",0,0,0,0
"PRJ3438",0,0,0,0
"PRJ3439",1,1,0,0
"PRJ3440",1,0,1,0
"PRJ3441",0,0,0,0
"PRJ3442",0,0,0,0
"PRJ3443",0,0,0,0
"PRJ3444",0,0,0,0
"PRJ3445",0,0,0,0
"PRJ3446",0,0,0,0
"PRJ3447",0,0,0,0
"PRJ3448",0,0,0,0
"PRJ3449",0,0,0,0
"PRJ3450",0,0,0,0
"PRJ3451",0,0,0,0
"PRJ3452",0,0,0,0
"PRJ3453",2,0,0,2
"PRJ3454",2,2,0,0
"PRJ3455",0,0,0,0
"PRJ3456",1,0,1,0
"PRJ3457",1,0,1,0
"PRJ3458",1,0,1,0
"PRJ3459",0,0,0,0
"PRJ3460",0,0,0,0
"PRJ3461",0,0,0,0
"PRJ3462",3,0,2,1
"PRJ3463",0,0,0,0
"PRJ3464",0,0,0,0
"PRJ3465",2,0,0,2
"PRJ3466",0,0,0,0
"PRJ3467",0,0,0,0
"PRJ3468",0,0,0,0
"PRJ3469",0,0,0,0
"PRJ3470",0,0,0,0
"PRJ3471",0,0,0,0
"PRJ3472",2,2,0,0
"PRJ3473",1,1,0,0
"PRJ3474",0,0,0,0
"PRJ3475",0,0,0,0
"PRJ3476",0,0,0,0
"PRJ3477",0,0,0,0
"PRJ3478",0,0,0,0
"PRJ3479",0,0,0,0
"PRJ3480",0,0,0,0
"PRJ3481",0,0,0,0
"PRJ3482",0,0,0,0
"PRJ3483",0,0,0,0
"PRJ3484",0,0,0,0
"PRJ3485",0,0,0,0
"PRJ3486",0,0,0,0
"PRJ3487",1,0,0,1
"PRJ3488",0,0,0,0
"PRJ3489",0,0,0,0
"PRJ3490",0,0,0,0
"PRJ3491",0,0,0,0
"PRJ3492",0,0,0,0
"PRJ3493",0,0,0,0
"PRJ3494",0,0,0,0
"PRJ3495",0,0,0,0
"PRJ3496",0,0,0,0
"PRJ3497",0,0,0,0
"PRJ3498",0,0,0,0
"PRJ3499",0,0,0,0
"PRJ3500",0,0,0,0
"PRJ3501",0,0,0,0
"PRJ3502",0,0,0,0
"PRJ3503",0,0,0,0
"PRJ3504",0,0,0,0
"PRJ3505",0,0,0,0
"PRJ3506",0,0,0,0
"PRJ3507",0,0,0,0
"PRJ3508",0,0,0,0
"PRJ3509",5,0,1,4
"PRJ3510",0,0,0,0
"PRJ3511",1,1,0,0
"PRJ3512",0,0,0,0
"PRJ3513",0,0,0,0
"PRJ3514",0,0,0,0
"PRJ3515",0,0,0,0
"PRJ3516",0,0,0,0
"PRJ3517",0,0,0,0
"PRJ3518",0,0,0,0
"PRJ3519",0,0,0,0
"PRJ3520",0,0,0,0
"PRJ3521",1,0,1,0
"PRJ3522",0,0,0,0
"PRJ3523",0,0,0,0
"PRJ3524",0,0,0,0
"PRJ3525",0,0,0,0
"PRJ3526",0,0,0,0
"PRJ3527",0,0,0,0
"PRJ3528",0,0,0,0
"PRJ3529",0,0,0,0
"PRJ3530",0,0,0,0
"PRJ3531",0,0,0,0
"PRJ3532",0,0,0,0
"PRJ3533",0,0,0,0
"PRJ3534",0,0,0,0
"PRJ3535",0,0,0,0
"PRJ3536",0,0,0,0
"PRJ3537",0,0,0,0
"PRJ3538",0,0,0,0
"PRJ3539",0,0,0,0
"PRJ3540",0,0,0,0
"PRJ3541",0,0,0,0
"PRJ3542",1,1,0,0
"PRJ3543",0,0,0,0
"PRJ3544",0,0,0,0
"PRJ3545",0,0,0,0
"PRJ3546",0,0,0,0
"PRJ3547",0,0,0,0
"PRJ3548",0,0,0,0
"PRJ3549",0,0,0,0
"PRJ3550",1,0,0,1
"PRJ3551",0,0,0,0
"PRJ3552",0,0,0,0
"PRJ3553",0,0,0,0
"PRJ3554",0,0,0,0
"PRJ3555",0,0,0,0
"PRJ3556",0,0,0,0
"PRJ3557",0,0,0,0
"PRJ3558",0,0,0,0
"PRJ3559",0,0,0,0
"PRJ3560",0,0,0,0
"PRJ3561",0,0,0,0
"PRJ3562",0,0,0,0
"PRJ3563",0,0,0,0
"PRJ3564",0,0,0,0
"PRJ3565",0,0,0,0
"PRJ3566",0,0,0,0
"PRJ3567",0,0,0,0
"PRJ3568",0,0,0,0
"PRJ3569",0,0,0,0
"PRJ3570",0,0,0,0
"PRJ3571",0,0,0,0
"PRJ3572",0,0,0,0
"PRJ3573",0,0,0,0
"PRJ3574",1,1,0,0
"PRJ3575",0,0,0,0
"PRJ3576",0,0,0,0
"PRJ3577",0,0,0,0
"PRJ3578",0,0,0,0
"PRJ3579",0,0,0,0
"PRJ3580",0,0,0,0
"PRJ3581",0,0,0,0
"PRJ3582",2,0,1,1
"PRJ3583",0,0,0,0
"PRJ3584",0,0,0,0
"PRJ3585",0,0,0,0
"PRJ3586",0,0,0,0
"PRJ3587",0,0,0,0
"PRJ3588",0,0,0,0
"PRJ3589",0,0,0,0
"PRJ3590",0,0,0,0
"PRJ3591",0,0,0,0
"PRJ3592",0,0,0,0
"PRJ3593",0,0,0,0
"PRJ3594",0,0,0,0
"PRJ3595",0,0,0,0
"PRJ3596",0,0,0,0
"PRJ3597",0,0,0,0
"PRJ3598",0,0,0,0
"PRJ3599",0,0,0,0
"PRJ3600",0,0,0,0
"PRJ3601",0,0,0,0
"PRJ3602",0,0,0,0
"PRJ3603",0,0,0,0
"PRJ3604",0,0,0,0
"PRJ3605",0,0,0,0
"PRJ3606",0,0,0,0
"PRJ3607",0,0,0,0
"PRJ3608",0,0,0,0
"PRJ3609",0,0,0,0
"PRJ3610",0,0,0,0
"PRJ3611",0,0,0,0
"PRJ3612",0,0,0,0
"PRJ3613",0,0,0,0
"PRJ3614",0,0,0,0
"PRJ3615",0,0,0,0
"PRJ3616",0,0,0,0
"PRJ3617",0,0,0,0
"PRJ3618",0,0,0,0
"PRJ3619",0,0,0,0
"PRJ3620",0,0,0,0
"PRJ3621",0,0,0,0
"PRJ3622",0,0,0,0
"PRJ3623",0,0,0,0
"PRJ3624",0,0,0,0
"PRJ3625",0,0,0,0
"PRJ3626",0,0,0,0
"PRJ3627",0,0,0,0
"PRJ3628",0,0,0,0
"PRJ3629",0,0,0,0
"PRJ3630",0,0,0,0
"PRJ3631",0,0,0,0
"PRJ3632",0,0,0,0
"PRJ3633",0,0,0,0
"PRJ3634",0,0,0,0
"PRJ3635",0,0,0,0
"PRJ3636",0,0,0,0
"PRJ3637",0,0,0,0
"PRJ3638",0,0,0,0
"PRJ3639",0,0,0,0
"PRJ3640",0,0,0,0
"PRJ3641",0,0,0,0
"PRJ3642",0,0,0,0
"PRJ3643",0,0,0,0
"PRJ3644",0,0,0,0
"PRJ3645",0,0,0,0
